account_id,account_type,created_date,bank_account_id
merchant_ec9ce3e9c9,merchant,2024-06-16,bank_e7604c89be
merchant_4869d01e90,merchant,2025-07-25,bank_0fc2b3016b
merchant_9090dca139,merchant,2024-05-09,bank_545ba04e82
merchant_3935cf2849,merchant,2026-01-02,bank_aaf3500e5f
merchant_eb816419a6,merchant,2026-03-02,bank_d3c117dcc9
merchant_fde59f6f0b,merchant,2025-08-06,bank_8a788141ba
merchant_a7425df85c,merchant,2024-09-04,bank_1813fa7c51
merchant_cbc243abfa,merchant,2024-04-13,bank_3ce835ffc4
merchant_d037d5b0a0,merchant,2025-08-19,bank_8f21a40db3
merchant_c0783aa99d,merchant,2025-06-21,bank_d3fe87c042
merchant_99c7b17ec8,merchant,2024-02-14,bank_d31a99c07a
merchant_25dfbf9b45,merchant,2024-04-17,bank_7bf7e09a4b
merchant_dbacc94f60,merchant,2025-06-21,bank_3cccdafe20
merchant_53f3cdb874,merchant,2024-02-10,bank_667612ce35
merchant_e43f150919,merchant,2025-12-28,bank_a9775d2de9
merchant_25abd27382,merchant,2025-03-30,bank_52ec6ad8bf
merchant_da61796d7e,merchant,2025-07-05,bank_ce9a40700e
merchant_8a411350fb,merchant,2024-12-17,bank_ebe0a096fc
merchant_0d1d66409f,merchant,2025-06-05,bank_15d43011fb
merchant_38f3bfe037,merchant,2024-07-07,bank_210778a13a
merchant_75d99a584c,merchant,2025-09-17,bank_d191837469
merchant_439cce95d3,merchant,2026-02-14,bank_77f5f8c01d
merchant_1bdae7a9c5,merchant,2026-01-10,bank_3b547b8c3d
merchant_f5c0d145dc,merchant,2025-03-08,bank_ca9894a2df
merchant_152c920b1c,merchant,2024-06-20,bank_0b141293b7
merchant_a89f9f2a22,merchant,2025-03-18,bank_5f8818b639
merchant_ab277336ae,merchant,2024-04-13,bank_dd39e7a55f
merchant_92201205cc,merchant,2025-10-08,bank_9780b77445
merchant_7c7572abc6,merchant,2025-10-16,bank_8e364832da
merchant_5994af6dfb,merchant,2025-06-29,bank_cd589ab493
merchant_b7acf4b341,merchant,2024-09-08,bank_465191b3db
merchant_d80c8181b9,merchant,2025-05-04,bank_5a347da020
merchant_43d3b281c6,merchant,2025-08-10,bank_c01b6c17ec
merchant_4738afed23,merchant,2023-12-29,bank_5a22126500
merchant_86271d0765,merchant,2026-01-24,bank_443f150302
merchant_c0ab1feb2b,merchant,2025-05-14,bank_636fedd466
merchant_08959685a4,merchant,2025-02-20,bank_b0c630c65f
merchant_6f3a62a07a,merchant,2025-07-04,bank_e303a50f2c
merchant_e379dedb67,merchant,2024-09-27,bank_f4c06a2243
merchant_fdc0364ac5,merchant,2025-01-18,bank_eb5bd9ba3b
merchant_87a2d56803,merchant,2025-03-27,bank_d20c16337f
merchant_7f492ee913,merchant,2024-11-12,bank_7c05081e44
merchant_3b11a65b67,merchant,2025-12-10,bank_3b9d7dee23
merchant_6e1172dc5b,merchant,2025-10-20,bank_67e3bb2a7f
merchant_e6712f2259,merchant,2024-07-30,bank_d51651c2f8
merchant_1fa724a687,merchant,2024-07-30,bank_365be74706
merchant_2ea5399057,merchant,2025-07-18,bank_debee3bed4
merchant_9e5c756bb3,merchant,2024-03-24,bank_df1f6097b2
merchant_2fc5848d31,merchant,2024-02-23,bank_9700bbf371
merchant_130fb529b0,merchant,2025-04-18,bank_bf55dd11e7
merchant_4869fdb3cd,merchant,2025-01-11,bank_fbe2f84542
merchant_6f0db871bb,merchant,2026-03-29,bank_30263d2d92
merchant_d1917d613f,merchant,2025-07-06,bank_4b6512d59e
merchant_4945d02da9,merchant,2024-10-29,bank_a2364d2bb9
merchant_08c8585332,merchant,2025-05-31,bank_27589bbcb3
merchant_c4cacb5d24,merchant,2024-07-17,bank_94fb7717b5
merchant_0c43dd37c3,merchant,2025-03-15,bank_ec4542ddcb
merchant_befe57f2dd,merchant,2024-07-27,bank_bffb9c22fd
merchant_dd802c1478,merchant,2025-12-08,bank_edf0e40985
merchant_46648c04b2,merchant,2025-07-30,bank_d9590c3787
merchant_fef0837989,merchant,2026-01-11,bank_5bad6d446e
merchant_9bc2c3e8c9,merchant,2024-02-13,bank_c4cc626c23
merchant_c6bbd4333e,merchant,2025-11-21,bank_a47ce280a3
merchant_abba9da7dd,merchant,2024-09-16,bank_5303fad319
merchant_a059273475,merchant,2025-01-23,bank_66374a06b0
merchant_93fafadd92,merchant,2024-02-18,bank_4214439874
merchant_f058884752,merchant,2025-09-08,bank_6ecc2b4b8b
merchant_43bc3e5c5d,merchant,2025-02-17,bank_b3fe246afc
merchant_8bf26d5375,merchant,2024-10-19,bank_68925b27b4
merchant_8dfd84552d,merchant,2025-07-22,bank_576f1e5a6c
merchant_cb0e966ab1,merchant,2026-03-11,bank_5b2ed0057a
merchant_4cd3c53301,merchant,2025-08-19,bank_5dd04c1705
merchant_5eb73a8bcb,merchant,2024-04-07,bank_5c1b395de4
merchant_97e1afd66b,merchant,2025-08-10,bank_9f33601d48
merchant_55116d90c8,merchant,2025-04-28,bank_414c6c295a
merchant_a9ebcdda9c,merchant,2025-08-01,bank_105939193f
merchant_fb8b76a5cc,merchant,2025-08-25,bank_f42dd1613c
merchant_aae739dabf,merchant,2024-03-22,bank_917a530a90
merchant_d8b572684f,merchant,2024-01-19,bank_ead040f266
merchant_c99cc59367,merchant,2025-09-19,bank_391b3b2da5
merchant_4a18655636,merchant,2024-05-27,bank_d7636aab16
merchant_c6a655e51b,merchant,2025-01-23,bank_af5d24cada
merchant_653750f370,merchant,2024-03-16,bank_6a6f240228
merchant_ce61aa080b,merchant,2024-06-09,bank_0f08c5d52e
merchant_5e7b3b0a5c,merchant,2025-02-13,bank_4edcbc3d67
merchant_8390deb3f8,merchant,2024-01-03,bank_af66323f24
merchant_c2d93a169e,merchant,2025-09-17,bank_78d0859e8d
merchant_4da82e5fe2,merchant,2024-12-28,bank_ac577dfa3d
merchant_36eb6879e9,merchant,2025-09-26,bank_dedf6ee863
merchant_25019cd9f2,merchant,2025-07-20,bank_1e404bcfde
merchant_752605da25,merchant,2025-12-22,bank_cc0df1a144
merchant_6d405a5a50,merchant,2024-09-25,bank_fd0feb42f9
merchant_c03b521ecd,merchant,2025-02-09,bank_28180817d8
merchant_5440f231f4,merchant,2025-08-26,bank_700d8f1759
merchant_9a420118aa,merchant,2025-03-09,bank_5cf9845257
merchant_0da5751ce7,merchant,2025-07-04,bank_46a163d621
merchant_257040980d,merchant,2025-01-23,bank_77865aa5ed
merchant_9d3ff278ae,merchant,2024-05-24,bank_ef01ab093e
merchant_a7e7eac6eb,merchant,2025-10-25,bank_de6e58e1e2
merchant_57301e12c8,merchant,2024-08-16,bank_99c1f2b842
merchant_90d153ad41,merchant,2024-02-26,bank_49ab5e0498
merchant_70b969f66f,merchant,2026-02-09,bank_2aa1a1575e
merchant_d069eacd3b,merchant,2024-10-05,bank_ba855a450f
merchant_bb09553cb5,merchant,2024-10-28,bank_c8054a5a6a
merchant_f2da2e4c8a,merchant,2026-01-21,bank_b1a34e7f01
merchant_20a3e29b5e,merchant,2024-05-10,bank_9a1e6a2a15
merchant_757ab74c99,merchant,2025-11-30,bank_a975282bda
merchant_26f4274279,merchant,2024-08-17,bank_900ed6b192
merchant_a11090d614,merchant,2026-01-08,bank_3f656e6365
merchant_39683a597a,merchant,2024-08-12,bank_3cca240bbf
merchant_3707f1f1a6,merchant,2025-07-08,bank_d433831401
merchant_a017e64d2a,merchant,2024-03-29,bank_63d0bc1c67
merchant_d3557f6285,merchant,2025-07-04,bank_2318d8be9c
merchant_2dc22cba6f,merchant,2024-05-14,bank_752d59ceae
merchant_20a80c40f4,merchant,2024-02-22,bank_e8df6429c5
merchant_0abfdc4c5c,merchant,2024-07-04,bank_01417ad50e
merchant_306e517452,merchant,2024-09-28,bank_cca24547fd
merchant_50907e078d,merchant,2025-07-04,bank_19f249c80f
merchant_202a97a5d7,merchant,2026-01-21,bank_2f9e19352f
merchant_7e25000d93,merchant,2025-06-14,bank_87912a9f86
merchant_2722738e35,merchant,2023-11-30,bank_8028582558
merchant_5b7ffb544e,merchant,2024-10-07,bank_455aaeb64e
merchant_3c9a8d94c7,merchant,2025-05-30,bank_af3d881b8c
merchant_ff52598de5,merchant,2025-07-05,bank_d1c4142c21
merchant_ec180336c2,merchant,2025-10-24,bank_73575972f3
merchant_e40a2a38ed,merchant,2025-04-15,bank_88d6c76e4a
merchant_da7d62a176,merchant,2024-06-21,bank_989d44930d
merchant_378b23fa59,merchant,2025-07-18,bank_f1c018a233
merchant_ed2c13bf8c,merchant,2024-06-21,bank_468bba6c42
merchant_528c1f1251,merchant,2026-03-29,bank_1a50aa7510
merchant_385a0d61c1,merchant,2024-06-18,bank_ba4cd870d0
merchant_dc1cb3d01e,merchant,2024-09-14,bank_e99de60fdf
merchant_f832c467bc,merchant,2024-09-04,bank_401faa071e
merchant_def11318db,merchant,2024-04-24,bank_648b8ec7cf
merchant_95171884ea,merchant,2026-02-24,bank_7d141092a4
merchant_9f01f931bf,merchant,2024-09-13,bank_0fed0895b1
merchant_3aab77c837,merchant,2025-05-21,bank_f499a358f4
merchant_66017aabb9,merchant,2025-08-29,bank_676bc77ad8
merchant_f7c3ceb729,merchant,2024-05-19,bank_d2015e8847
merchant_cf735984ea,merchant,2025-02-09,bank_427253cf56
merchant_e179992ae5,merchant,2025-08-02,bank_c05ea9668c
merchant_1af139e9c1,merchant,2025-02-03,bank_4e5404e061
merchant_a5f8e59532,merchant,2024-03-08,bank_e6ff6f5602
merchant_79f4bad652,merchant,2024-01-01,bank_1a9410a357
merchant_b6dd30b9a9,merchant,2025-07-02,bank_64c3dd1244
merchant_92090efafb,merchant,2025-12-12,bank_76f6e1fb49
merchant_289ac5007c,merchant,2024-12-06,bank_cb666b3cf9
merchant_23f96b2f1b,merchant,2025-04-08,bank_8d1f838920
merchant_a3eeba4be8,merchant,2025-08-16,bank_af186a4395
merchant_2903b23d00,merchant,2025-02-17,bank_e080166ef0
merchant_31bc96a9ba,merchant,2026-01-20,bank_9ba1187523
merchant_ec66c59554,merchant,2025-04-07,bank_1710a2b2b8
merchant_326b748c2c,merchant,2025-02-16,bank_5b9074f58d
merchant_b45ddade0a,merchant,2025-12-04,bank_a6ced30c70
merchant_c349d5bcea,merchant,2024-08-15,bank_18b2cc012f
merchant_034b760768,merchant,2024-07-30,bank_e000cad0ca
merchant_0a762f7362,merchant,2024-03-16,bank_54e847e51f
merchant_dcc7ac517b,merchant,2024-07-20,bank_ac3a03006f
merchant_6c4e5fc80c,merchant,2024-08-19,bank_c890f88a6b
merchant_18bc893c05,merchant,2026-02-15,bank_5de12d80db
merchant_ee2f02ed68,merchant,2026-03-31,bank_76537edeb6
merchant_1be72c2cdc,merchant,2024-04-28,bank_7a8cb8f767
merchant_7b9f85dd9e,merchant,2025-09-12,bank_92a1770d8d
merchant_7ea476d565,merchant,2025-04-28,bank_ba252444fb
merchant_d839bc9029,merchant,2024-05-22,bank_eccf0585b3
merchant_c22d22d3ed,merchant,2025-05-29,bank_1f32b1ade4
merchant_6c4b8b2a4d,merchant,2024-05-19,bank_be8eb73af3
merchant_dffdf6e144,merchant,2025-02-13,bank_06083cf3c8
merchant_f7ef02f07f,merchant,2024-09-11,bank_bed03320b3
merchant_2bd24f873e,merchant,2024-05-21,bank_ed40ea9719
merchant_ddf75b173b,merchant,2024-02-25,bank_9fa9e5663e
merchant_06714ded92,merchant,2024-08-27,bank_42166c7d52
merchant_1c5d1fdb88,merchant,2024-09-17,bank_b589424b06
merchant_4ccd349a67,merchant,2025-06-12,bank_45b43a08cc
merchant_5163f8e6ad,merchant,2024-01-18,bank_38856d33a9
merchant_5dd87d617f,merchant,2024-05-31,bank_d176504cc4
merchant_c686f37645,merchant,2025-01-04,bank_b86c1f8cc8
merchant_71a60710c1,merchant,2024-10-25,bank_ee73add4d3
merchant_3bde993758,merchant,2024-05-27,bank_d31c3b4a5d
merchant_dc2a9a23b6,merchant,2024-10-21,bank_f47d3ff037
merchant_f7277714e5,merchant,2025-12-27,bank_c595757dfe
merchant_2d35d50bc5,merchant,2024-05-13,bank_496d72c417
merchant_8963084329,merchant,2023-12-28,bank_639a20909c
merchant_159dc5a298,merchant,2025-07-25,bank_eb3b2d82c6
merchant_6304b85572,merchant,2025-02-01,bank_ae6cf522d5
merchant_d16cea11c0,merchant,2025-09-14,bank_bcec6b840b
merchant_bc54acf4e6,merchant,2025-03-04,bank_de6d6bbf37
merchant_2352917028,merchant,2025-07-26,bank_ccf9441b98
merchant_a4627a144a,merchant,2024-04-27,bank_deabd37dde
merchant_4549c55dd6,merchant,2024-01-25,bank_ce22fdb6ec
merchant_161a25dc77,merchant,2023-12-30,bank_db3ccfc6b8
merchant_65bb8b1faa,merchant,2024-12-12,bank_64189eaf9b
merchant_b1c9b3148c,merchant,2023-11-15,bank_0ac6e99de1
merchant_0e81dbbc09,merchant,2024-05-18,bank_01a7babd60
merchant_4e0650c0b8,merchant,2024-07-31,bank_8835d75023
merchant_6494862dfc,merchant,2023-12-19,bank_9535229686
merchant_613651e7c8,merchant,2024-12-31,bank_50078feba2
merchant_a19aa7fd4f,merchant,2024-12-27,bank_9d7fd3972c
merchant_e68bc39cad,merchant,2025-06-22,bank_47076d1b02
merchant_a650dd1cf7,merchant,2024-11-21,bank_dc3f3e11c1
merchant_1043518fa9,merchant,2025-01-06,bank_681d0abed5
merchant_95788c5b32,merchant,2025-08-04,bank_55585e4a06
merchant_d8442177cb,merchant,2024-09-25,bank_a36c093ea3
merchant_e422ef1db5,merchant,2025-08-08,bank_0dc676f9ad
merchant_a3a623b56d,merchant,2025-10-27,bank_8b07cdc9b6
merchant_00ea20d90c,merchant,2025-02-01,bank_724a06c473
merchant_2212f7fc8c,merchant,2024-12-10,bank_2c60f03f8d
merchant_6c113cc61a,merchant,2025-02-27,bank_526cc58fdd
merchant_a15b08c175,merchant,2024-04-19,bank_c09f9d7103
merchant_6e5c23ba3b,merchant,2025-03-08,bank_a8a793026b
merchant_00fd76334c,merchant,2025-04-06,bank_9fdf8b551d
merchant_3cf40bb816,merchant,2023-11-28,bank_91dcc0ecf3
merchant_9fea620362,merchant,2024-02-26,bank_8311939b98
merchant_6314468b0d,merchant,2024-01-03,bank_dfc1cf8e92
merchant_c3eb5a9e52,merchant,2025-08-20,bank_e395cf5e38
merchant_a05f0767e3,merchant,2024-11-20,bank_42193817c2
merchant_294c164d31,merchant,2025-04-22,bank_eb1a481896
merchant_63500504a1,merchant,2024-01-05,bank_ce32c899bc
merchant_b17994de35,merchant,2025-10-14,bank_019cd7bfaa
merchant_b0f8780950,merchant,2024-10-02,bank_4ff88bc355
merchant_e64cc4f8b8,merchant,2024-09-01,bank_58a9585127
merchant_1c4e7225d8,merchant,2024-06-12,bank_a3bbc456b0
merchant_60dfdaea40,merchant,2024-12-15,bank_6ffd291c73
merchant_1249c41b72,merchant,2025-05-01,bank_ce664b6e76
merchant_d9c4864a8f,merchant,2024-02-12,bank_6d9b5157db
merchant_3c41338e06,merchant,2024-02-21,bank_98b3168c48
merchant_c5ab7b1955,merchant,2024-12-06,bank_0a376b1aa3
merchant_825cfe6844,merchant,2025-04-08,bank_ed4b243472
merchant_214ece1444,merchant,2026-01-21,bank_9d062deda2
merchant_36ad430747,merchant,2026-02-19,bank_882653cc8f
merchant_a3073ab9a5,merchant,2025-07-22,bank_b0277079e3
merchant_3008ffbd64,merchant,2024-07-04,bank_4355bd359f
merchant_f698e1fc5b,merchant,2024-12-03,bank_64a9d71f4d
merchant_9506583993,merchant,2024-12-11,bank_056af8c083
merchant_98c65b8406,merchant,2025-10-12,bank_58345ee3bc
merchant_6fe3b8ece0,merchant,2025-12-05,bank_d313eff5a2
merchant_d47e3f537b,merchant,2025-12-12,bank_fae4ea7a94
merchant_954382a1dd,merchant,2024-08-20,bank_402ebbc102
merchant_4faf931b73,merchant,2024-03-30,bank_bef0c9c67e
merchant_b92b2fe937,merchant,2024-08-03,bank_1abd4177e8
merchant_f8af74c9c9,merchant,2024-04-18,bank_4bd137967e
merchant_5320670a3e,merchant,2023-11-13,bank_4a2a6451e5
merchant_e59b9b8bae,merchant,2023-12-29,bank_88a43ded3e
merchant_1c42a43c0d,merchant,2025-04-11,bank_09c024831c
merchant_dad0870158,merchant,2024-05-24,bank_60b9bb53c0
merchant_9259b13298,merchant,2026-03-20,bank_6d84ea9130
merchant_a964a1c8cd,merchant,2025-12-14,bank_cf87f369ac
merchant_9b2b10caf5,merchant,2024-06-20,bank_b9949a953c
merchant_89443ec62e,merchant,2024-04-07,bank_2388da7670
merchant_e3a0877a5e,merchant,2025-10-03,bank_8cbb3a51e9
merchant_233e42589d,merchant,2023-12-26,bank_9e903e62cd
merchant_8e4800dcc5,merchant,2024-12-11,bank_8b79d25526
merchant_f58960f924,merchant,2025-07-01,bank_fe7eba9258
merchant_7ee3006295,merchant,2023-12-03,bank_e2c08bb2fe
merchant_ecb93f6a38,merchant,2024-02-23,bank_da0dafac87
merchant_016fbafad8,merchant,2025-03-09,bank_295c0d3942
merchant_6187978ffb,merchant,2024-11-11,bank_63a2b0925d
merchant_84117374bc,merchant,2024-01-06,bank_af9b037a20
merchant_fa5c68ff7d,merchant,2025-06-19,bank_82b80dc585
merchant_d669686e91,merchant,2024-09-09,bank_3d2bd40d94
merchant_53921a8406,merchant,2025-07-28,bank_88b800fddd
merchant_506509e4a6,merchant,2024-11-17,bank_798c25a9f5
merchant_23294772e9,merchant,2024-06-09,bank_7ef015d153
merchant_674c4e12b7,merchant,2024-01-11,bank_754a7790b2
merchant_651ce3eb18,merchant,2025-06-04,bank_ccb47f06ac
merchant_70024b75b1,merchant,2025-07-26,bank_97d307cb71
merchant_2d679bbfd5,merchant,2024-12-03,bank_b92711f6d6
merchant_f2df32b8d0,merchant,2024-02-28,bank_bfb4ed2b5f
merchant_966ddfd6ee,merchant,2024-12-23,bank_09b396de9d
merchant_7bb834ab16,merchant,2025-08-08,bank_6a6f1b94db
merchant_8bf391641b,merchant,2025-09-16,bank_0a0b5b32b4
merchant_3414cbb68d,merchant,2024-02-11,bank_9178e246f0
merchant_bf20fc9847,merchant,2025-09-17,bank_46844055fe
merchant_9d8f8370e4,merchant,2025-06-22,bank_72bd9c6660
merchant_cf60b0c603,merchant,2024-02-13,bank_45479ed266
merchant_0acb7107dc,merchant,2025-06-16,bank_d828662bcb
merchant_0063939b8b,merchant,2025-08-12,bank_1245e21c02
merchant_3b245e7d27,merchant,2025-05-27,bank_cabd05579f
merchant_de80683837,merchant,2025-11-23,bank_8a323e72f7
merchant_9f683265bf,merchant,2026-02-05,bank_d6e14f3c99
merchant_f7d94e8270,merchant,2025-11-23,bank_24885e2592
merchant_dc8e8ba3d6,merchant,2025-12-17,bank_6b1b726bb7
merchant_af5b743aec,merchant,2025-06-14,bank_547fff3cdc
merchant_2ab74ab156,merchant,2025-01-05,bank_61d2a451df
merchant_df9164c768,merchant,2026-02-08,bank_e620ce7d48
merchant_a46a72f631,merchant,2023-12-12,bank_4384d2aaad
merchant_83521671f5,merchant,2024-11-14,bank_79e20f14bb
merchant_b29c8b969c,merchant,2024-06-26,bank_ab7dbc31a3
merchant_bb232677d2,merchant,2023-12-23,bank_28d40481f7
merchant_001ccccddc,merchant,2025-07-21,bank_4a876c071b
merchant_65fe126f1b,merchant,2024-02-09,bank_eb15f9e49b
merchant_352948b7bc,merchant,2024-01-13,bank_ebd48c0e7a
merchant_a8be8633e4,merchant,2024-01-28,bank_ec61907fad
merchant_beb0c00710,merchant,2024-12-26,bank_3a72b0a2a4
merchant_e371ce86cf,merchant,2024-08-07,bank_cab9c11294
merchant_dfa455d9a4,merchant,2024-08-27,bank_8c4fa76e2b
merchant_0869c332f5,merchant,2024-07-16,bank_b3ba132c25
merchant_a87e3a7751,merchant,2024-02-10,bank_4927edcbc1
merchant_3947a8cda6,merchant,2025-07-05,bank_ecc25cb860
merchant_7a7bb14321,merchant,2025-10-23,bank_a0ece47150
merchant_e19a9bd091,merchant,2024-09-13,bank_46b88a86a0
merchant_ed8ad7c762,merchant,2026-03-30,bank_660fe8b15c
merchant_511e7e010b,merchant,2024-04-26,bank_c5f983b05f
merchant_e30b1dc101,merchant,2025-06-07,bank_4b8978cce4
merchant_7bc1f1e465,merchant,2025-06-10,bank_ce5bb7c16e
merchant_14c11840c2,merchant,2024-04-12,bank_0187bb667d
merchant_085eeeabcf,merchant,2024-04-28,bank_bfcbb8ebd1
merchant_1505cd9378,merchant,2024-01-16,bank_3294c0d188
merchant_c0856aca7e,merchant,2023-12-30,bank_879138fc36
merchant_4c89ee0d9c,merchant,2025-12-05,bank_0d56adec07
merchant_914237b590,merchant,2025-10-31,bank_d7552e8866
merchant_24207e64c9,merchant,2026-01-18,bank_b1b808a7b9
merchant_3081d0601b,merchant,2024-01-11,bank_0279957ee7
merchant_fd0b0def45,merchant,2024-02-25,bank_debf512dca
merchant_f522323487,merchant,2025-06-10,bank_58899a10f2
merchant_daa94fe307,merchant,2024-12-08,bank_b18d2af9a2
merchant_11757ad501,merchant,2025-06-27,bank_d95458b960
merchant_497bc739a6,merchant,2024-11-12,bank_580ed589eb
merchant_3471deac69,merchant,2024-07-28,bank_ed398b9f60
merchant_fca333798b,merchant,2024-03-10,bank_6dcd073dd2
merchant_8f3f1c4368,merchant,2025-07-19,bank_edfbc4565e
merchant_201314f9a5,merchant,2025-08-10,bank_cffc6df068
merchant_2631bf2fb1,merchant,2024-08-08,bank_aed87ed681
merchant_b1cde5d53f,merchant,2024-08-19,bank_7d7308e8c3
merchant_e351fc275e,merchant,2024-12-06,bank_163e770eca
merchant_96f34eb045,merchant,2025-06-21,bank_409afc7fd1
merchant_948b0b1dbf,merchant,2025-01-10,bank_d8f29007bd
merchant_4611d8f2d0,merchant,2025-12-29,bank_93e41e5f64
merchant_7ac9a53649,merchant,2025-02-07,bank_249fcf1269
merchant_f2b01c2999,merchant,2024-05-15,bank_d255102140
merchant_65944ab77d,merchant,2025-04-29,bank_eb63033697
merchant_07f2e150f3,merchant,2025-06-10,bank_6364e06085
merchant_ad6a3a9688,merchant,2023-12-20,bank_2615da9e03
merchant_ecb29f7729,merchant,2026-02-23,bank_9727208a98
merchant_c24a87fb8a,merchant,2025-05-14,bank_08636c52f3
merchant_613479b99a,merchant,2025-12-04,bank_053829b8e4
merchant_d5657a2d60,merchant,2023-12-09,bank_61b4da47bb
merchant_39f6e2ce8d,merchant,2024-09-23,bank_4546577121
merchant_af2db5ab35,merchant,2025-09-21,bank_21df7d45fa
merchant_f7af680569,merchant,2024-07-03,bank_aab246327d
merchant_28ca7c9ca7,merchant,2025-09-05,bank_c3c21e4616
merchant_2f4cf06697,merchant,2025-06-11,bank_5711189c26
merchant_44aa0a23fb,merchant,2024-11-21,bank_783134778c
merchant_ff4e1d513b,merchant,2024-01-04,bank_b9ea04cc8d
merchant_a56ba92ef6,merchant,2025-10-21,bank_672e0ed748
merchant_042c4c68bf,merchant,2024-09-13,bank_8a690f9d8d
merchant_ad6fd10fb8,merchant,2025-08-14,bank_de430be1b5
merchant_9a53a2c3fe,merchant,2025-12-02,bank_9e45e95dd4
merchant_f65cfe0f42,merchant,2024-11-07,bank_000ea8c49b
merchant_d71f896ca0,merchant,2024-10-27,bank_aea9d49d4f
merchant_961e20cd9a,merchant,2025-01-31,bank_f04cfbd969
merchant_22b6f2fd35,merchant,2025-07-26,bank_3a25bbd116
merchant_61209dd860,merchant,2025-11-04,bank_c996bf8f45
merchant_a69e8fd7e9,merchant,2024-10-28,bank_6d0cd7dd6e
merchant_f92004e439,merchant,2025-06-23,bank_981fa58019
merchant_32c2a8841b,merchant,2025-04-18,bank_0fd39aaee2
merchant_9634ce7824,merchant,2023-12-13,bank_5a5f1c147c
merchant_9f41e0c8b5,merchant,2024-03-19,bank_5169a128b5
merchant_08fc32a1d2,merchant,2024-05-26,bank_6f4917c321
merchant_46a7ea709a,merchant,2024-11-22,bank_25af4a2d20
merchant_f6d31ca4b4,merchant,2024-09-13,bank_9cea82a942
merchant_8cd12b85a9,merchant,2025-05-07,bank_1d70361e01
merchant_5a77c6fe46,merchant,2025-07-31,bank_e4ed2fe5d9
merchant_46a0f8c633,merchant,2024-01-28,bank_708b592935
merchant_a244c3d087,merchant,2025-05-11,bank_fdf00b68c2
merchant_864f93d249,merchant,2024-04-09,bank_0bfe10f8e7
merchant_799537335e,merchant,2024-05-22,bank_45378b36db
merchant_ecdf1260f2,merchant,2025-10-28,bank_0ef9c82408
merchant_a9dc6ee064,merchant,2024-11-03,bank_7f34e00d9f
merchant_6641b5576f,merchant,2023-11-18,bank_6badd5e200
merchant_54d0600224,merchant,2024-10-10,bank_2c6f1667df
merchant_f643d8f5c5,merchant,2024-03-23,bank_5949d6b26d
merchant_a7dfa26137,merchant,2025-10-25,bank_3795005fea
merchant_1a0e5ae268,merchant,2025-04-20,bank_587bfcd542
merchant_1238bf08c7,merchant,2025-02-18,bank_33de07f166
merchant_98d00f3657,merchant,2024-05-11,bank_3e51936769
merchant_8982918b47,merchant,2024-06-29,bank_10cfe907b4
merchant_a16583e5a0,merchant,2024-09-24,bank_2fb08a80c6
merchant_1b65e2d0d9,merchant,2026-01-21,bank_bc271ff58d
merchant_f443991878,merchant,2024-05-01,bank_08467863f5
merchant_b535dfde0a,merchant,2025-01-12,bank_369c7eec0d
merchant_4b019ab93a,merchant,2024-04-11,bank_f6eabaa54e
merchant_97241b3a8f,merchant,2025-10-13,bank_99e01a0518
merchant_2ac4244fdc,merchant,2026-03-03,bank_017afb9a5d
merchant_dd662a6635,merchant,2025-03-30,bank_47790f71d0
merchant_2e2fc54fde,merchant,2025-07-25,bank_55a6dfa4b6
merchant_7cabe468f0,merchant,2024-05-03,bank_1a325e2c37
merchant_94937be96c,merchant,2025-10-09,bank_6a35aa3076
merchant_05332d1fcf,merchant,2025-03-06,bank_01c9d42978
merchant_0ebe510c31,merchant,2025-07-29,bank_cf109271e6
merchant_bf5c758d58,merchant,2025-08-07,bank_d210ceae2c
merchant_f349e4f993,merchant,2025-07-15,bank_178655c6a2
merchant_c74b9c85a2,merchant,2024-05-19,bank_be9eafe116
merchant_1179ca4859,merchant,2024-05-08,bank_d8b49c2873
merchant_758f884df5,merchant,2026-01-16,bank_2d9d7fc55f
merchant_36540cf2ed,merchant,2025-05-30,bank_dc3ca82d7e
merchant_97b5f441eb,merchant,2024-04-25,bank_946e611b80
merchant_596b316821,merchant,2023-11-18,bank_5eade920e9
merchant_6e87462189,merchant,2024-11-23,bank_17060b2131
merchant_45f39ee0b6,merchant,2025-03-30,bank_139c6641a0
customer_54bd78aa43,customer,2025-07-02,bank_ae6c71b27d
customer_659d2820a1,customer,2025-03-21,bank_b1a7ccb80a
customer_d1e807f83d,customer,2024-09-28,bank_fa54db862c
customer_0b81b0ca3a,customer,2024-08-18,bank_8575d17853
customer_4eb823a099,customer,2024-08-17,bank_213abf2fa1
customer_b1e743d626,customer,2025-09-18,bank_1deb60048f
customer_5e21ee5e32,customer,2024-06-05,bank_4fecdd491d
customer_35718cc5a0,customer,2024-06-02,bank_6660625dce
customer_f25f198e72,customer,2024-07-27,bank_2f9f91ae10
customer_7dc7c372c3,customer,2025-06-18,bank_590ea210f3
customer_cb50eb2d6c,customer,2026-03-27,bank_45b57f5eb0
customer_78631e95e9,customer,2025-12-17,bank_225d03bcf8
customer_59d1d7d12a,customer,2025-05-31,bank_3ea7a7e29a
customer_51fdfa474e,customer,2025-10-07,bank_85f174fb68
customer_c60d5329ed,customer,2025-04-21,bank_2e262d413b
customer_a3caeee795,customer,2025-07-25,bank_2124eceb24
customer_e9f29cfdcf,customer,2024-12-23,bank_b58222511c
customer_fbde648c2f,customer,2025-05-19,bank_a77ec39fbb
customer_88960c3020,customer,2025-01-06,bank_2567741ba7
customer_3355bc2089,customer,2024-06-07,bank_18695d30d7
customer_297f62d259,customer,2025-03-20,bank_fce49c539a
customer_0de2bb187a,customer,2025-04-21,bank_310206aabc
customer_2880b22f89,customer,2025-08-03,bank_b28c367d12
customer_646c69c9c9,customer,2025-01-20,bank_613a1e18f5
customer_15d504d7fd,customer,2025-08-05,bank_f7766e4023
customer_ad15119201,customer,2024-07-16,bank_3be59f71e9
customer_f7e89dd106,customer,2024-06-08,bank_abe6fe8f30
customer_ec4b6907d5,customer,2024-08-04,bank_45a2706057
customer_f1a070f09c,customer,2024-08-14,bank_df29035c23
customer_dcfc67839c,customer,2026-02-25,bank_4119c938b8
customer_a1a8557582,customer,2025-06-25,bank_61ac7855e3
customer_85022de345,customer,2026-01-01,bank_5d0e3effcf
customer_8428ebac7c,customer,2026-03-23,bank_de81fc8bba
customer_44d3ed67ea,customer,2026-01-02,bank_e10044dedb
customer_55ed2edd40,customer,2024-10-27,bank_5b6bff5e14
customer_0a05948ab9,customer,2024-06-13,bank_79d27e3d8a
customer_4656610660,customer,2024-10-24,bank_d2794634ba
customer_b075460ee6,customer,2025-11-23,bank_7f2bbb44a7
customer_4a479891f3,customer,2026-01-19,bank_924e6b1ae5
customer_5418531845,customer,2025-03-09,bank_a891894d17
customer_08ea3c73bd,customer,2025-04-16,bank_66ede63907
customer_75738e3c42,customer,2025-01-30,bank_7bc6a8398a
customer_cdda7c02cc,customer,2026-01-19,bank_dd6e9f78f4
customer_899f537165,customer,2024-10-20,bank_b458abc522
customer_ea3f768152,customer,2026-02-27,bank_323e132aaa
customer_6f57d534c5,customer,2025-10-18,bank_4c26b29ade
customer_ea26ca3f1d,customer,2024-06-21,bank_7f59e7a7cd
customer_bf6dbc86b6,customer,2024-07-15,bank_82b71d5796
customer_08aa4d6271,customer,2026-03-10,bank_7823b9ed9d
customer_b997f4463b,customer,2025-12-23,bank_7a4c80592b
customer_3b888b6fed,customer,2025-10-02,bank_19d4a831b3
customer_4d5d8209b9,customer,2025-09-30,bank_eb0ea3f514
customer_57f0010d87,customer,2025-09-04,bank_5a572b32ad
customer_152b20ee76,customer,2026-04-28,bank_57dbfe6d10
customer_1237560d76,customer,2025-12-18,bank_7d44c0f753
customer_aeadcc2aab,customer,2025-11-03,bank_a6426649da
customer_d74cdb1859,customer,2026-04-04,bank_c516eee62f
customer_ad4426c97f,customer,2025-04-29,bank_00a129cde0
customer_22f80a1060,customer,2024-09-05,bank_db43b85722
customer_589b553246,customer,2025-08-02,bank_0917641dfd
customer_32eca56798,customer,2025-02-23,bank_37fdcacbe5
customer_4cf7cb8e5c,customer,2024-12-29,bank_aa8a90cf8b
customer_aae7222d96,customer,2024-11-21,bank_fd05e1b14d
customer_27d6b8a0ad,customer,2025-01-23,bank_7cb9940ecc
customer_b9d27cf0a4,customer,2024-08-09,bank_078684d4a7
customer_26f95dd7ab,customer,2024-06-25,bank_7d2bcb2fa9
customer_d0e71cef72,customer,2024-07-11,bank_ef17ddf8c5
customer_dde21d52bb,customer,2025-03-15,bank_4e40ee6b11
customer_1f67072fd9,customer,2026-01-10,bank_637976e692
customer_8c6be55a5d,customer,2026-02-14,bank_4bef9bf3d9
customer_107472e40d,customer,2024-08-16,bank_009581c94d
customer_832b81bce4,customer,2025-12-22,bank_fae9a08438
customer_3c1cc0ddae,customer,2024-09-08,bank_0a4a914ded
customer_3fe200105d,customer,2025-06-02,bank_6fb40c879d
customer_453ef287da,customer,2025-07-03,bank_b033964580
customer_e772a5ddb6,customer,2025-02-14,bank_89b3d7d8fc
customer_73cbc3074a,customer,2026-01-03,bank_d96e5b10ee
customer_70588ae2e9,customer,2025-09-22,bank_52eb8c5c67
customer_435bb7a00a,customer,2025-09-09,bank_05396157a7
customer_0746f02437,customer,2025-01-21,bank_ea7280bb2b
customer_32a3ec9266,customer,2026-01-23,bank_6a50c0bb9c
customer_479afcba8c,customer,2025-06-14,bank_821d6ed14e
customer_0e669f5ae4,customer,2025-04-12,bank_8304d8963e
customer_58a461d3e2,customer,2024-12-31,bank_297e73134c
customer_734a38f501,customer,2026-02-02,bank_ef24a4c513
customer_976754f214,customer,2026-01-22,bank_d2b787df6e
customer_502977bc35,customer,2024-10-08,bank_aef8eb4e60
customer_0de4c704ae,customer,2024-10-02,bank_85f9fc3107
customer_e4c4f4c680,customer,2024-06-13,bank_93dad5c63c
customer_d3316bd9e9,customer,2025-05-03,bank_da2ba89f3e
customer_bda65e2410,customer,2026-03-09,bank_f308fded0f
customer_35f5993928,customer,2025-06-15,bank_3d985806ff
customer_c414c0e776,customer,2024-09-16,bank_914f113e36
customer_7721117534,customer,2025-11-23,bank_950922fe3f
customer_22dcd338ec,customer,2025-09-13,bank_b82a977f1d
customer_221a7f347f,customer,2025-04-19,bank_1834c45108
customer_53644b1315,customer,2024-09-20,bank_58665a1126
customer_16af39b994,customer,2024-10-03,bank_7b251d7266
customer_db60a3f863,customer,2024-08-10,bank_3018a3e11f
customer_87f3464662,customer,2026-04-04,bank_f62039d1ba
customer_fc5dbfac3e,customer,2025-07-31,bank_5976be08c9
customer_b3e36eab05,customer,2025-07-25,bank_024095040b
customer_d1d7b0007d,customer,2025-05-18,bank_432b33de92
customer_a4a330acf4,customer,2025-10-27,bank_b11d9d5c74
customer_aecb663ba7,customer,2025-03-16,bank_9ab83780cd
customer_70641327f1,customer,2024-07-21,bank_07cbcfce01
customer_81cd6470f8,customer,2025-09-22,bank_feaa938099
customer_91bfc33606,customer,2025-05-16,bank_8993b05304
customer_f6ee0313ee,customer,2025-06-02,bank_56d174a480
customer_8b4bc288b6,customer,2024-08-28,bank_39428dab38
customer_4c395680b1,customer,2025-11-20,bank_876548ed92
customer_8051ac0d3c,customer,2026-03-11,bank_b808c8a09b
customer_f9244e6ad4,customer,2024-06-22,bank_61f7f3d90d
customer_0027d012a0,customer,2025-02-02,bank_61793d9bd0
customer_94a18225fa,customer,2026-01-04,bank_2943a7c87b
customer_d989768ef1,customer,2025-07-14,bank_6688c14d41
customer_1fd01594ee,customer,2024-08-31,bank_3895e36fdf
customer_04a0a168bb,customer,2024-06-16,bank_89f317433d
customer_d13627a9b5,customer,2025-09-17,bank_e1853ab1b8
customer_26e90152d2,customer,2026-03-05,bank_b86ae90c95
customer_d776e3f660,customer,2025-06-26,bank_3bf8f7a482
customer_3980f439d8,customer,2025-08-12,bank_01fd499db5
customer_9b68b41356,customer,2025-12-29,bank_21cb41f9f6
customer_3b0c34a8ce,customer,2025-11-02,bank_bfb9cbc520
customer_3a0f0720be,customer,2024-11-01,bank_b44fe79658
customer_37d46733f6,customer,2024-10-05,bank_f35b371987
customer_99dba7e549,customer,2026-02-16,bank_a232edd391
customer_110f6b9a52,customer,2025-02-08,bank_1905d18962
customer_fe0047d325,customer,2025-06-14,bank_dc47950052
customer_b25b656930,customer,2024-09-20,bank_fae50adfc8
customer_6aba4ac018,customer,2024-07-14,bank_5a4d1e23e5
customer_ed295d3409,customer,2026-04-09,bank_c8ae1f401e
customer_ec11debb7f,customer,2024-08-06,bank_d76dd4ca91
customer_7d3f199c09,customer,2025-04-25,bank_ee4e6d4f85
customer_9d589de8dd,customer,2026-01-12,bank_fadb85ffd1
customer_8ec7e71d8a,customer,2024-09-04,bank_cdfb2873ca
customer_2e23312def,customer,2026-02-09,bank_eee5ec5788
customer_13cc2b52bc,customer,2025-05-18,bank_9c585abb71
customer_4892b5e717,customer,2026-02-11,bank_ea65594f28
customer_4de87aa88b,customer,2026-01-04,bank_a2483b9101
customer_11db78dcda,customer,2025-05-08,bank_a314c860b4
customer_91c15365a1,customer,2024-07-09,bank_df400415be
customer_dddbb62dda,customer,2026-01-15,bank_0643ad42e1
customer_810ba239fe,customer,2025-11-04,bank_40158cbb9f
customer_d4d9a6b9b0,customer,2024-06-28,bank_cc327ba90d
customer_dee78a423e,customer,2024-12-11,bank_26095ec5cf
customer_f7cd8342e8,customer,2024-09-14,bank_50014cee30
customer_a1e305fae5,customer,2024-09-29,bank_f6725b0321
customer_74a6e13642,customer,2024-07-30,bank_c02ab0627f
customer_66c0986251,customer,2025-06-11,bank_031cf39a24
customer_ef061ea1ae,customer,2026-02-20,bank_14d66ad16d
customer_5c623b8efd,customer,2025-06-24,bank_916ec2913f
customer_267a848aa0,customer,2025-05-05,bank_ec193c57a2
customer_98caa95e7e,customer,2025-01-13,bank_ac77efe7c8
customer_d3e1a85d9d,customer,2026-03-03,bank_9682fd2ce0
customer_4d9840935d,customer,2026-02-11,bank_fa5affe8e7
customer_8dffd4bdb2,customer,2024-08-09,bank_e5b32c9be0
customer_4ff570eb60,customer,2025-04-02,bank_e4b0f7d803
customer_814fb858d0,customer,2024-10-10,bank_977940b773
customer_0c9a49d846,customer,2024-09-22,bank_0caee85e87
customer_6567d5b957,customer,2025-06-05,bank_0536f6b671
customer_9b2d637158,customer,2026-02-26,bank_2bb28a6c0e
customer_b4351f785f,customer,2026-02-03,bank_24673033ba
customer_05bd9e9d78,customer,2025-11-05,bank_00185e6fa4
customer_f167e6fa08,customer,2025-02-06,bank_6ccd3a9d84
customer_eddf0a29f6,customer,2024-11-11,bank_049efe7710
customer_a2dbfa8107,customer,2025-04-23,bank_3f63ed3002
customer_577ae218f8,customer,2025-03-30,bank_e7892b1e9a
customer_e418a4bcc1,customer,2024-06-04,bank_86ad3375d8
customer_e308b5b3a7,customer,2024-07-07,bank_d4a3e846e2
customer_7d87c19fee,customer,2025-05-28,bank_b0a1fa1100
customer_4593bf4368,customer,2024-06-05,bank_3f2719d8cc
customer_a04299ea0f,customer,2025-08-15,bank_4f43387f19
customer_8703cf8f68,customer,2025-11-28,bank_12c708f488
customer_480146a6f2,customer,2024-09-11,bank_aa10b4b0a0
customer_422d938b7b,customer,2024-06-28,bank_d489933edd
customer_da8cca60e2,customer,2025-12-19,bank_2ef8a7faee
customer_a6af729922,customer,2026-02-03,bank_6da20a7b06
customer_8f47e1ac06,customer,2025-04-10,bank_392c14e58f
customer_7c4672bfd8,customer,2024-06-13,bank_78ff7c9544
customer_f580235ff7,customer,2024-11-07,bank_462fdd2a65
customer_d2c3425eac,customer,2024-06-13,bank_536e8cb4c6
customer_af640bc35f,customer,2025-04-25,bank_b9ca4b6e9b
customer_045801e24b,customer,2025-10-28,bank_bdb1e2f7df
customer_172c73927d,customer,2024-12-19,bank_d83f1b52b5
customer_b787162529,customer,2025-12-11,bank_41527e7b85
customer_bb4d2b7965,customer,2026-01-17,bank_7c5c3540bd
customer_5a419560bd,customer,2024-11-07,bank_44c95012b9
customer_c3c8b957d3,customer,2025-05-21,bank_4d944fd761
customer_fc498835af,customer,2025-12-17,bank_246eb10c8e
customer_8904d19ff1,customer,2025-11-24,bank_0cf5ea1d91
customer_c2e8743322,customer,2024-07-30,bank_70b22bf227
customer_44fa11aedc,customer,2025-02-06,bank_24f1eb73ec
customer_58cc8a5c7f,customer,2024-06-07,bank_8866bb1b52
customer_f7839d4cc6,customer,2025-01-31,bank_2e5f6e7804
customer_b2b6cf590d,customer,2025-01-26,bank_3efbeadd52
customer_65d0250226,customer,2025-08-29,bank_9426ed0f5a
customer_1c11dae678,customer,2025-10-14,bank_fea7bd69f8
customer_01065018e2,customer,2025-02-03,bank_4173c9ce71
customer_1c391d25bf,customer,2024-12-02,bank_6312108449
customer_03795121bd,customer,2025-11-16,bank_424ebc3054
customer_f6ac011261,customer,2024-08-19,bank_7285b09c8c
customer_9439df78a7,customer,2026-03-08,bank_ef747c03e2
customer_59d0b98cfd,customer,2025-04-15,bank_937d1b33f0
customer_f7ee1d75a2,customer,2024-11-18,bank_ea0163dfb2
customer_c74145def0,customer,2025-11-17,bank_7d0e5ef2d0
customer_506b792978,customer,2024-11-21,bank_54bfdd1c5b
customer_2cea00d73c,customer,2026-01-27,bank_3e1728bfe2
customer_6dc3876e96,customer,2025-05-08,bank_bdc4a9c710
customer_b1aa389f78,customer,2026-03-07,bank_a0d3c34fd2
customer_68407eb58e,customer,2025-04-13,bank_ee20dc5e5e
customer_f495fa640d,customer,2025-04-12,bank_aace985ac7
customer_7548f0cd10,customer,2026-01-19,bank_1da12a9674
customer_cd84d6e2ac,customer,2025-05-22,bank_2368810516
customer_249e27c9ea,customer,2025-12-11,bank_b06ca0973f
customer_47889520d1,customer,2025-12-09,bank_22eec2f6cc
customer_5f39ddac75,customer,2025-01-26,bank_0b1c77ac96
customer_9f71f0ea6c,customer,2026-02-08,bank_0aad7fb43e
customer_5bfcd66afe,customer,2025-09-22,bank_6113b6efd2
customer_10c9f6d2e5,customer,2024-08-15,bank_66c18e15fc
customer_8aba2fb395,customer,2025-07-09,bank_2831f69f46
customer_624ab57339,customer,2026-03-13,bank_f11f12adb4
customer_1426b88f20,customer,2024-08-01,bank_6f2f4ca03a
customer_643fab230b,customer,2026-01-07,bank_b722563194
customer_6fa6306c73,customer,2024-10-29,bank_3576ded0bf
customer_8ff687e11b,customer,2024-09-19,bank_2e83fe3f8a
customer_f60ff329d3,customer,2025-12-04,bank_4320c582e4
customer_127963aa1e,customer,2026-04-29,bank_66c5b8d4e2
customer_d1d6878a25,customer,2025-08-27,bank_baf2f56628
customer_404e8c3122,customer,2025-10-21,bank_e71faf282d
customer_0aac77a4ac,customer,2026-02-02,bank_5530d1e3f4
customer_f7635e1c22,customer,2026-02-20,bank_1147ea1b25
customer_8939edb5ca,customer,2024-11-27,bank_73dd365223
customer_efc316ce45,customer,2024-10-10,bank_ae25c3dee0
customer_f9b559249d,customer,2025-01-04,bank_1f1d4366ca
customer_9300ed0471,customer,2025-03-30,bank_c979684296
customer_9e2efb91f6,customer,2025-04-30,bank_c101020ccc
customer_e5aeae43b3,customer,2025-05-12,bank_f1fd1c487b
customer_03fdfeb178,customer,2024-07-26,bank_e4802e5905
customer_f9e99dd1c1,customer,2025-12-15,bank_9874524eae
customer_c8c79d481e,customer,2024-10-18,bank_49c3089e52
customer_d8725287ec,customer,2025-11-02,bank_a879666292
customer_d90e806eb1,customer,2025-01-10,bank_15cd6bcde0
customer_ab2b1550aa,customer,2024-07-23,bank_af6ebc3893
customer_b9280b5a75,customer,2026-02-25,bank_d85da67243
customer_9bbfbf5b6d,customer,2026-03-24,bank_845ce5f078
customer_d33a882aa4,customer,2026-03-17,bank_f24fd2ef77
customer_d5ead63536,customer,2026-03-19,bank_c4c6b4cd3d
customer_2a8d16c92a,customer,2024-11-19,bank_a4893838b0
customer_f952a0d916,customer,2025-01-01,bank_6bdf648ba1
customer_a6f5cef1d3,customer,2024-07-07,bank_73dbfaf521
customer_97dc2add70,customer,2026-03-13,bank_ce00833af8
customer_05b6b0c393,customer,2025-07-25,bank_cb6bd93368
customer_c5056282bd,customer,2025-03-17,bank_50f6a8c01e
customer_e04fe4ed8c,customer,2025-05-18,bank_4c5d0840b7
customer_2bb31fa4b8,customer,2024-12-07,bank_01ae7d45aa
customer_c211228488,customer,2026-02-05,bank_59cfc959a4
customer_b50d622abc,customer,2025-02-14,bank_34973393f5
customer_14cb4fcd88,customer,2024-10-19,bank_0565b1f3c0
customer_57d2d34d02,customer,2026-01-15,bank_37830049d6
customer_ff3fdb7093,customer,2024-06-23,bank_241c5eb2db
customer_689b97cab8,customer,2025-01-29,bank_44c7a8d125
customer_01bb466f10,customer,2025-11-11,bank_59f0acaf0f
customer_94ec23e7c3,customer,2025-01-28,bank_86160c8b02
customer_9b6b8d5be9,customer,2025-05-04,bank_fc9c084406
customer_4bdcb71ebb,customer,2025-07-23,bank_20f7bbdac5
customer_534f410181,customer,2026-02-13,bank_3733536a97
customer_ffdbfde07a,customer,2025-04-23,bank_0b44c87741
customer_d7e66eb2a4,customer,2025-11-18,bank_dfba43ae03
customer_af1814c3d7,customer,2024-08-16,bank_b8acc88b72
customer_5ea2291db9,customer,2026-03-26,bank_16bc20eaa6
customer_98c9b02682,customer,2025-09-01,bank_5d01786093
customer_8b05f5d9cd,customer,2025-04-25,bank_5fedbf7a3f
customer_0d2c44b857,customer,2026-03-28,bank_75cd3c1349
customer_711cb71131,customer,2024-06-04,bank_c9610fb5cd
customer_a0a0161244,customer,2025-01-31,bank_d15db398cf
customer_3888b89ac0,customer,2025-12-11,bank_f435eb7e11
customer_916b446b03,customer,2025-03-19,bank_382e0c4415
customer_f56991015f,customer,2025-08-18,bank_bac290d83a
customer_669011d659,customer,2024-12-05,bank_1af138f703
customer_eeef4287b2,customer,2024-10-02,bank_1ae417154a
customer_a6394ec17b,customer,2025-01-29,bank_7561960b93
customer_0ef0559269,customer,2025-07-12,bank_f8d893b0e3
customer_4f312b9300,customer,2025-10-08,bank_04b130b5b4
customer_0c14cf792b,customer,2025-01-23,bank_aa7e99cea6
customer_c9082a065b,customer,2025-01-30,bank_305775c547
customer_32d422c5d0,customer,2025-06-07,bank_efa567494b
customer_a562f6400d,customer,2026-02-23,bank_623e0f82d3
customer_1ac5d5589a,customer,2025-06-27,bank_e3b8f912a6
customer_316f44eb4a,customer,2024-07-16,bank_049f8893cb
customer_3995c3ebc3,customer,2024-11-26,bank_f93bd69130
customer_3cd62eb8fe,customer,2025-10-07,bank_c7e5fe895b
customer_c4103581d1,customer,2024-12-11,bank_5bbb6af1ea
customer_c315eafd65,customer,2024-10-10,bank_6260c6b2f9
customer_3733ab4e66,customer,2025-01-07,bank_55ce500a37
customer_67f89b441a,customer,2024-08-12,bank_094a84b798
customer_27d5e161fc,customer,2025-06-18,bank_f1f82e7342
customer_2da12d3a1b,customer,2024-12-26,bank_41adad03ab
customer_7bf51cf11a,customer,2024-09-19,bank_14c4a13e9b
customer_ab28de48b6,customer,2025-06-10,bank_1fe2780c09
customer_e50ae305e2,customer,2025-01-25,bank_7039cf2b01
customer_74f3db30cf,customer,2024-11-17,bank_10dde4e7b7
customer_5ee0ba2b53,customer,2024-10-13,bank_e3a538c041
customer_80fb05d62f,customer,2025-10-26,bank_90e714c2f1
customer_458a0ccecc,customer,2024-12-02,bank_8d1920c800
customer_35f5ad24d7,customer,2025-11-25,bank_224624e395
customer_0b071a4be7,customer,2025-11-16,bank_3996172120
customer_50f12dbd36,customer,2025-09-12,bank_d244c3ac51
customer_f52b4606be,customer,2026-02-09,bank_c14ff957cf
customer_68634a905d,customer,2024-07-19,bank_2ddce4b6bc
customer_20cacd7613,customer,2024-07-29,bank_068e3069d5
customer_6eb359f964,customer,2024-10-31,bank_9172235164
customer_cec3dfc64c,customer,2024-07-13,bank_cf8a75401a
customer_a1070f7a26,customer,2025-11-06,bank_529361dba9
customer_bc4b2f33f2,customer,2024-08-19,bank_519a2e190d
customer_7b1d74f071,customer,2026-04-01,bank_866b5f8516
customer_13152c37d6,customer,2024-07-13,bank_5fe6ed9008
customer_98ded1fa29,customer,2025-08-02,bank_ee23b9409a
customer_f596f0afbc,customer,2024-09-22,bank_9fe7f7361f
customer_d99f634891,customer,2024-07-15,bank_2454fe4ad4
customer_287c4cace3,customer,2024-07-27,bank_976de71de4
customer_b99a644546,customer,2025-06-25,bank_9bfdb797b4
customer_4a4f2f6ab6,customer,2025-03-11,bank_d5b50d9505
customer_013798510a,customer,2026-02-28,bank_a3e0908e60
customer_f6dcbfebf4,customer,2024-12-21,bank_442591d5e1
customer_231bde4c56,customer,2024-08-17,bank_74e03c5410
customer_58ee78ef8c,customer,2025-06-08,bank_4da0a902bf
customer_e14dcc9b9b,customer,2025-12-18,bank_faa836b4ab
customer_b0e25b269c,customer,2024-10-02,bank_82445f42a9
customer_607af0feb0,customer,2025-08-26,bank_8952f0697a
customer_a6850f2aa0,customer,2025-07-31,bank_7b1c54b6c0
customer_4fda3dc92b,customer,2025-12-07,bank_5d0b173c65
customer_1aa5365d5e,customer,2025-07-07,bank_fb3fa41f9b
customer_9e6a61c191,customer,2025-08-19,bank_66ba590d33
customer_b08212600a,customer,2024-09-16,bank_60d3082f2e
customer_283fd52d20,customer,2025-11-18,bank_e5e5dd576d
customer_fd8948389e,customer,2025-01-07,bank_7f6b7e8088
customer_c8c38a2693,customer,2026-04-07,bank_5f3992db06
customer_cb18e00913,customer,2024-11-29,bank_21190608a5
customer_6f6418d7f1,customer,2025-09-22,bank_5dd2316e4d
customer_df694581b4,customer,2026-03-12,bank_9576428079
customer_108cdc2111,customer,2024-12-10,bank_e687141503
customer_73af790641,customer,2024-06-11,bank_c0cdecc110
customer_059ed1a3ed,customer,2024-10-28,bank_17bf0ccbbe
customer_e8d53f07fa,customer,2025-02-13,bank_275598302f
customer_4f3140426a,customer,2025-04-21,bank_6a9f933618
customer_87ee4b3a3d,customer,2025-04-21,bank_2f4eca3bda
customer_be2c9d6c42,customer,2026-03-09,bank_0cf0b9992f
customer_1ea893a0e6,customer,2025-10-13,bank_4f176fea17
customer_9092a1b165,customer,2025-07-09,bank_5292a67f8a
customer_0e0cfcbb92,customer,2025-01-24,bank_2c056649c8
customer_b1cf28394a,customer,2025-07-18,bank_7e6fbd445b
customer_e4c68fd388,customer,2024-06-03,bank_6cb3c5675a
customer_7cc4a00651,customer,2025-12-20,bank_fd024956ff
customer_9dd54f5c37,customer,2025-04-13,bank_1a7f463a53
customer_e6ba445d0f,customer,2024-10-06,bank_07f8530c5c
customer_106fe68ea3,customer,2025-10-09,bank_b8edb79abd
customer_2147dd4663,customer,2024-12-04,bank_864b7da97f
customer_88dec14ee9,customer,2026-03-22,bank_39b44959b5
customer_5759f19f3b,customer,2024-12-31,bank_c989576d19
customer_192a8426aa,customer,2024-08-18,bank_cea807eb0f
customer_d3bfe70cf6,customer,2024-08-11,bank_09246623e8
customer_219c8184a5,customer,2025-03-24,bank_892113bcb8
customer_e019e025a5,customer,2024-08-31,bank_009b76b492
customer_4789d3efef,customer,2024-11-25,bank_4e7f5635cf
customer_7b45636aa6,customer,2024-10-01,bank_b899be5cee
customer_e76ee5d411,customer,2026-04-13,bank_79451f3863
customer_dee325c9d7,customer,2024-06-10,bank_54678e1eed
customer_3f34502767,customer,2024-09-10,bank_d444893db9
customer_b35181df41,customer,2024-07-25,bank_2076eb535b
customer_9a6a4ba51a,customer,2024-12-31,bank_4b7b317d97
customer_eee3605648,customer,2024-09-15,bank_f65398b818
customer_67f629be86,customer,2026-03-09,bank_53f1b3a0a8
customer_2ccb7a1c39,customer,2024-11-10,bank_bffde4610c
customer_1e03e551c7,customer,2024-08-04,bank_87df4c34af
customer_9e9ff36d8c,customer,2025-11-30,bank_3111369710
customer_5415ae2962,customer,2026-03-29,bank_03f715c3ff
customer_789c6c400d,customer,2025-10-17,bank_453ff217b3
customer_528284cd9a,customer,2025-06-13,bank_4299db4353
customer_2ba8c5c962,customer,2025-03-04,bank_14e5f3d85b
customer_49e32c5872,customer,2024-12-03,bank_4de41b0871
customer_f05ad1bf4e,customer,2025-01-03,bank_d2f217a25d
customer_7cc5eaa2a4,customer,2026-02-26,bank_c88a103ea0
customer_a15c8e78ff,customer,2024-11-15,bank_73cb59d03a
customer_9585ffb3c4,customer,2025-06-02,bank_59be055711
customer_2c036ccd65,customer,2024-11-08,bank_568a1f7674
customer_d37e7523c0,customer,2025-11-04,bank_90f428dcef
customer_6cb92de7ec,customer,2024-10-18,bank_e31d1bb3c0
customer_5e6112d68f,customer,2024-06-02,bank_61c8fa2b5f
customer_b1636c2a6e,customer,2025-08-03,bank_f2108cc097
customer_969168079e,customer,2025-10-16,bank_9370ae8cd7
customer_08242d3f59,customer,2024-10-06,bank_b95c9e2d89
customer_4000a99858,customer,2025-06-30,bank_e781e7d60d
customer_ea07af98d2,customer,2025-09-30,bank_84594e8767
customer_c6d4263774,customer,2024-12-16,bank_ddb9fcd7bb
customer_0509e33d10,customer,2025-05-08,bank_6b9f734eaf
customer_b31dc8c353,customer,2025-07-10,bank_0c6b90d81c
customer_2a64293b08,customer,2024-06-07,bank_51dc2857a7
customer_27d2a9d8c6,customer,2025-03-22,bank_399c08d70e
customer_54d5ac434e,customer,2025-12-02,bank_69695caec2
customer_1e0a7e314f,customer,2026-02-09,bank_a15f4d904b
customer_e26c50c41d,customer,2024-06-28,bank_8919468444
customer_b3b0fea959,customer,2025-09-23,bank_f78cf78ddd
customer_d174c5564f,customer,2025-07-27,bank_b32ce8d3b5
customer_3e1c3f899d,customer,2025-12-11,bank_c6886c938c
customer_8045dd2e5c,customer,2024-09-07,bank_c7bc0c7dd4
customer_60c5855709,customer,2024-06-14,bank_9eca04c03c
customer_3e3a9d21d8,customer,2024-07-16,bank_17b6a99d96
customer_e4ebc797a7,customer,2026-01-18,bank_0ffaabc6ad
customer_f3d2eacb1e,customer,2025-01-02,bank_8647058e3b
customer_02c883f81c,customer,2025-12-11,bank_ff725325e8
customer_5b6a2b710c,customer,2025-11-20,bank_ce1f2db2f0
customer_af314f3b66,customer,2024-12-28,bank_54339fc0cd
customer_0b9feb47f9,customer,2025-07-10,bank_d697eb31a9
customer_33f6241b06,customer,2024-07-08,bank_d87f207c2b
customer_9a6aa83cba,customer,2024-07-02,bank_7e163247a0
customer_53cf0b63a0,customer,2024-10-30,bank_3c111825c6
customer_a7173034dd,customer,2026-03-23,bank_99ccd5a167
customer_6b9e9da7eb,customer,2026-03-24,bank_d9a60b1d74
customer_1968fd83f0,customer,2025-10-22,bank_bb3950a4c7
customer_78e297a087,customer,2025-06-29,bank_e4bd8f8083
customer_007cc5bae0,customer,2025-05-22,bank_38aba7969f
customer_290ca07295,customer,2024-07-13,bank_8f7e10858f
customer_86dbbcd7b1,customer,2024-12-11,bank_bda3338a81
customer_d98bce8b8b,customer,2025-07-25,bank_013d8b0d6f
customer_288bb643f8,customer,2025-05-27,bank_cee80d7d57
customer_8decbfda03,customer,2025-01-16,bank_4f0736a46a
customer_76c029b75b,customer,2025-10-22,bank_2a5f488f82
customer_01afee3477,customer,2024-09-26,bank_7f7727d9b8
customer_96e8bacd74,customer,2025-11-02,bank_b81eaccaee
customer_da8f9d7ea2,customer,2025-03-11,bank_9e64bb9372
customer_7256f2b9b3,customer,2024-11-19,bank_6dc2890bf0
customer_2e21344a51,customer,2024-06-14,bank_50faad2c42
customer_8c4e09770f,customer,2025-06-03,bank_2452571b23
customer_d71b6605d1,customer,2025-04-03,bank_443f940c5c
customer_d8c4b72521,customer,2025-05-28,bank_c9c1968388
customer_af7296af27,customer,2024-09-21,bank_97d7c3272a
customer_b582b3c433,customer,2025-09-01,bank_0f8e5a3da4
customer_3c2ee5c786,customer,2025-12-30,bank_7a4dfeae32
customer_fe6c67b268,customer,2025-11-18,bank_21e1bba2f9
customer_6afe0466b2,customer,2024-12-02,bank_6e1ac5d1b9
customer_02a15686ae,customer,2025-12-31,bank_09425cfa47
customer_059459cc09,customer,2024-08-09,bank_36c6b589fb
customer_b96af85193,customer,2024-12-27,bank_8cb09d2686
customer_ec4b96cc88,customer,2025-04-13,bank_7192294bfb
customer_761b0133f9,customer,2024-10-15,bank_3bd296c3d0
customer_8a580042a2,customer,2024-06-19,bank_b3cfe860cf
customer_d717680ecd,customer,2025-08-20,bank_b4ca880a63
customer_634f553274,customer,2026-02-06,bank_83396f5ca7
customer_40cb632156,customer,2024-11-06,bank_3fc6435e59
customer_ddf03031ae,customer,2024-09-30,bank_bf37a9250e
customer_bdd9ec3cfb,customer,2024-11-29,bank_6e7af51f61
customer_fed0e21211,customer,2024-10-28,bank_c5b015fc68
customer_c1ea253fb9,customer,2025-05-30,bank_dbd0cb102f
customer_a8429b10f7,customer,2026-01-01,bank_7a2d3ea67e
customer_b8bbd20eff,customer,2024-09-10,bank_86d9f5d26f
customer_f37e147dfe,customer,2024-11-24,bank_df4c7ce589
customer_0c51fae285,customer,2025-01-21,bank_d2bfb0ae75
customer_3f3f504758,customer,2025-01-18,bank_10bac29f36
customer_b99bf2d66e,customer,2024-10-05,bank_efd9561d74
customer_aee886adda,customer,2026-04-08,bank_a749e260e4
customer_584fac93af,customer,2026-04-27,bank_df9fd4eb3c
customer_794c041afd,customer,2024-09-15,bank_8091b501af
customer_e98124d199,customer,2025-02-21,bank_46c439e9b9
customer_cfcd6d3bc4,customer,2024-10-23,bank_e67aa09e3e
customer_f5b0e73504,customer,2025-01-02,bank_98dc0418e8
customer_da181076b7,customer,2025-03-08,bank_dd403aecda
customer_856bb7db1a,customer,2024-07-13,bank_eef26d87ea
customer_2ca3fcb155,customer,2025-04-12,bank_c621b90f93
customer_d10aa3c452,customer,2025-04-09,bank_92d3446cbe
customer_edb5ec9996,customer,2024-05-31,bank_28044dbcdb
customer_5933f790eb,customer,2025-12-15,bank_9a474d84a8
customer_62380096bc,customer,2025-12-30,bank_9bca10c750
customer_dc14269a70,customer,2025-03-24,bank_84aaa90362
customer_b630e7aabe,customer,2025-09-14,bank_a24253d687
customer_f8c9abe58e,customer,2025-06-29,bank_4e3a0da133
customer_8a8c640902,customer,2024-10-20,bank_58ce9fa1da
customer_ddc4f04725,customer,2025-04-07,bank_902176a7f4
customer_0a94481cbd,customer,2025-05-11,bank_a5d9374d52
customer_4009df50f0,customer,2026-01-05,bank_816f04bae8
customer_b3116f7696,customer,2025-02-25,bank_6fe6c523f6
customer_29d1528365,customer,2025-10-01,bank_48fd9b6c2f
customer_a5c4bcd002,customer,2024-08-30,bank_ea5c5e15f0
customer_7cb8766000,customer,2024-08-26,bank_d94097ca8b
customer_3ce01e340b,customer,2026-03-12,bank_a1192ef16e
customer_cb870caa9b,customer,2025-03-15,bank_4c85c9da8a
customer_8b99015ce2,customer,2024-10-25,bank_647df1b933
customer_430c59bda0,customer,2024-12-01,bank_fee48797bb
customer_37bf88ac9d,customer,2024-09-18,bank_f02a863d42
customer_c59d983aa5,customer,2024-08-26,bank_8307051705
customer_fffe0b21bd,customer,2025-08-31,bank_a68ee8b51e
customer_bce6e1d2fe,customer,2024-11-13,bank_b2cd1874d2
customer_9220d00bff,customer,2025-06-27,bank_aec1da2f6c
customer_d2bfafa483,customer,2024-09-02,bank_81449c94ed
customer_03e3fc721e,customer,2024-07-28,bank_a991dda231
customer_43eeb3d2ee,customer,2024-10-08,bank_34d444c43a
customer_5657511a2f,customer,2025-05-13,bank_b94b9dc5f9
customer_867e4a9a7f,customer,2025-04-05,bank_572566c55a
customer_d28076e8d4,customer,2025-06-08,bank_ad86d45cca
customer_5ba6842836,customer,2025-03-08,bank_154606bef8
customer_716a93eb1a,customer,2025-04-10,bank_e96ee52aae
customer_c8e5d65ff5,customer,2025-01-01,bank_939a543348
customer_1496ca996e,customer,2025-06-27,bank_aa79975937
customer_5c633db94a,customer,2025-01-11,bank_8366631733
customer_b95e73d239,customer,2025-03-04,bank_345be6aee1
customer_7931125efd,customer,2024-11-04,bank_2640d7ca66
customer_8bdccfa1b3,customer,2025-08-25,bank_4a50f0b544
customer_b5b306a086,customer,2025-05-27,bank_27dfd58c01
customer_9329961e4d,customer,2025-04-16,bank_24791db533
customer_f4072b9dff,customer,2025-10-17,bank_edb9a606c2
customer_fd433ee9a0,customer,2025-04-09,bank_d122b8bd3e
customer_d8542b6424,customer,2024-08-21,bank_67c1aede01
customer_a8e2898b5c,customer,2025-10-20,bank_8a4980c322
customer_fd485b2995,customer,2024-06-12,bank_3fbaef5ff7
customer_c8bec513c8,customer,2025-09-29,bank_4e5b81913e
customer_ea7331b223,customer,2026-04-15,bank_badf9c050d
customer_aceca2f88d,customer,2024-12-26,bank_81c2b92a14
customer_c069362cae,customer,2024-08-20,bank_ca7a05f407
customer_6780ff48c7,customer,2025-03-20,bank_7f9aeab85f
customer_0407e4bb96,customer,2025-06-05,bank_67ada37cea
customer_dfefcccdf9,customer,2025-01-08,bank_8791c8550f
customer_730599a05a,customer,2025-04-28,bank_b505b4e823
customer_43b7e252fd,customer,2025-04-27,bank_8d7436a09a
customer_5cd0486f38,customer,2026-01-20,bank_55762517cb
customer_f240e23598,customer,2025-01-05,bank_d9d5b3d318
customer_edad417436,customer,2025-04-16,bank_e9445ef9af
customer_24685193e3,customer,2024-10-01,bank_be1aa155d9
customer_97ecabe2d9,customer,2025-08-06,bank_625f7b61dd
customer_f35ce650e7,customer,2025-02-27,bank_5a82e54c28
customer_f23ea97ae1,customer,2025-10-12,bank_34d362b552
customer_30c413d6dd,customer,2025-04-07,bank_3b0c34d815
customer_6cbbb6aa6b,customer,2024-12-05,bank_465f5717be
customer_4996ffa967,customer,2025-05-20,bank_46fa262ed1
customer_63f07996f8,customer,2024-07-12,bank_4e6880c091
customer_cb4768577b,customer,2025-01-14,bank_a3dd8f97b0
customer_1b1edd68c2,customer,2025-11-08,bank_7d8b135eb5
customer_12af2d0d26,customer,2024-10-18,bank_be11e83302
customer_701a702054,customer,2024-07-12,bank_9d470a4ca2
customer_66128bc6f8,customer,2026-03-27,bank_bcdff712ec
customer_13df245aba,customer,2026-03-12,bank_a1883e1af8
customer_0d8da2bf6c,customer,2025-03-04,bank_f51c2ca04c
customer_b83a5ca644,customer,2026-02-20,bank_7948da1999
customer_fb2a7f59c6,customer,2026-04-21,bank_eb86310891
customer_1dcd9173cc,customer,2025-01-19,bank_6632853170
customer_85f7ba21c0,customer,2024-08-06,bank_d349f4558f
customer_6f45fbd2b8,customer,2024-12-22,bank_a8d0a0426c
customer_76ebc0fe0e,customer,2026-04-14,bank_36e98e7b74
customer_dff9723088,customer,2024-10-13,bank_d9a11076e2
customer_381d46bc04,customer,2026-04-13,bank_b46ff4c22a
customer_423718dbc3,customer,2025-07-23,bank_06b864538a
customer_dd269874e2,customer,2026-04-13,bank_f2a5e96a77
customer_205f577d2e,customer,2024-06-09,bank_d8e2ceeba6
customer_8a0edb2022,customer,2026-01-11,bank_691379e0c2
customer_dd9c22614a,customer,2025-11-29,bank_538449d905
customer_c1b735ca65,customer,2024-11-07,bank_4f85037988
customer_b6451ffd47,customer,2025-07-31,bank_279eb2ba96
customer_b2f1babc20,customer,2025-04-13,bank_05e17ea843
customer_3a8562f15a,customer,2025-08-24,bank_3dcdb8a60f
customer_96b31d5bd8,customer,2025-06-27,bank_3d1e74a0db
customer_b2f089f4d3,customer,2024-06-30,bank_fe26e79928
customer_3d1c9d3ee0,customer,2026-01-25,bank_d75e2f4d22
customer_b6e277f57c,customer,2025-04-09,bank_501c29523a
customer_3de03fd8d8,customer,2026-03-04,bank_17fe807c1d
customer_7996031240,customer,2025-11-06,bank_88cb5261fe
customer_69c0136baa,customer,2025-02-10,bank_2c0ae7f6b8
customer_7da542f738,customer,2024-09-28,bank_582188fbb3
customer_2633da5c55,customer,2026-03-18,bank_3fc19fff4d
customer_e84d948e8e,customer,2024-09-27,bank_0e4746fb27
customer_2587373811,customer,2026-02-13,bank_7b2b814969
customer_938c6aecad,customer,2024-09-30,bank_3b52e6cf0e
customer_c179c57522,customer,2025-10-29,bank_f200d43a6c
customer_dd51676ebc,customer,2025-09-30,bank_9bc26498e2
customer_8224745e33,customer,2025-03-19,bank_a70a7baa51
customer_beca3ca8da,customer,2025-11-15,bank_b959d362c2
customer_16f5aaf7fa,customer,2024-09-27,bank_1abec38335
customer_2f1597f125,customer,2024-10-24,bank_6e4b8a59cd
customer_63f62e4ccd,customer,2025-12-08,bank_8ac03f0ce8
customer_4861a0e53e,customer,2026-02-09,bank_0d953d84e4
customer_07e765aa74,customer,2026-01-20,bank_4f6e94c750
customer_a80517c0af,customer,2026-02-12,bank_98a874b211
customer_2665508465,customer,2024-08-10,bank_11d1e9a08f
customer_d25342ae5d,customer,2025-05-31,bank_8a9312cd1b
customer_5c3e251f91,customer,2025-07-25,bank_bca139e0ac
customer_b161625861,customer,2024-12-14,bank_09467bdc49
customer_9badd9fade,customer,2024-10-11,bank_947423dff1
customer_4a9daa5e3e,customer,2025-10-22,bank_70b029cc9d
customer_4f9403e9ce,customer,2025-04-06,bank_081ee396e8
customer_9eff7ec916,customer,2025-07-02,bank_17f934a66d
customer_0cf07adada,customer,2026-02-14,bank_c750945b88
customer_07a93a08ce,customer,2025-11-24,bank_4466484882
customer_77d272bb89,customer,2025-03-28,bank_4676a7edeb
customer_c431c2815c,customer,2026-01-27,bank_16fef691e8
customer_454b249d9e,customer,2025-01-30,bank_288eb433bb
customer_536c0e451b,customer,2026-01-16,bank_5d4807915b
customer_2982eddbce,customer,2025-10-21,bank_b2cbe11cde
customer_efc65ab2f8,customer,2024-10-07,bank_a9c79014ee
customer_f25264a2ea,customer,2025-03-09,bank_983d0ae42c
customer_32bab1afdd,customer,2026-01-29,bank_c262b9084d
customer_2d9e77b1dc,customer,2026-01-25,bank_af12e0c949
customer_6eb7615b32,customer,2025-04-01,bank_eb2250fe0f
customer_4e0d11f0fb,customer,2025-03-03,bank_d59dfc5097
customer_97674ca0f4,customer,2024-10-05,bank_984adb8fb5
customer_f13ea1bfaa,customer,2025-11-08,bank_d666d92b79
customer_93a4a1609f,customer,2025-11-08,bank_eed1483cd0
customer_9cc189c22a,customer,2025-06-26,bank_1f5d941a4d
customer_40b931c993,customer,2025-12-02,bank_f95b31dde6
customer_fcd69acbba,customer,2025-02-09,bank_ac01995d7f
customer_aafbfff491,customer,2024-12-21,bank_15dface2d7
customer_d0fe83a65f,customer,2025-04-26,bank_25be98bd5c
customer_67776e2178,customer,2024-07-29,bank_6a9c7fde24
customer_be18467e49,customer,2024-08-07,bank_41eb4e598d
customer_6bea8b0ab1,customer,2025-12-13,bank_6a1e28a9a0
customer_b98da37a47,customer,2025-05-25,bank_3a9d267036
customer_68987e1895,customer,2025-05-28,bank_3e121d8dfe
customer_afacb446c8,customer,2024-07-03,bank_8952a0d90d
customer_17dcdac474,customer,2025-06-27,bank_7176ea363e
customer_eba3757d96,customer,2025-10-07,bank_f76c66bca7
customer_130e2ea20d,customer,2025-03-19,bank_e142ab4c16
customer_11dfea1412,customer,2024-07-21,bank_de0c48684a
customer_7054617321,customer,2025-08-25,bank_c63a000aba
customer_8c985dbd2c,customer,2025-07-17,bank_7deb53a040
customer_36a7e9a89f,customer,2025-04-22,bank_a5117b39d2
customer_4af6e28761,customer,2025-10-08,bank_c2b5636c3d
customer_a8dee43ffa,customer,2024-06-01,bank_5caf790554
customer_3cbccc48d5,customer,2026-04-03,bank_60f8568d81
customer_e69762e7a6,customer,2025-09-28,bank_db3c5ec472
customer_80b5a89fea,customer,2026-02-19,bank_5975ddb43f
customer_ecd346b561,customer,2024-12-05,bank_948fc286c5
customer_a61bf4055c,customer,2025-06-24,bank_1f1d97dbb3
customer_e9d5feb9c3,customer,2024-06-25,bank_d79f641d42
customer_422f2fe01c,customer,2025-02-21,bank_4826902e06
customer_19e8088fd2,customer,2026-02-14,bank_6e81ffe9ea
customer_1c7e8728b4,customer,2024-12-26,bank_a0438827b9
customer_cb8334dd76,customer,2024-10-30,bank_10a05dc79a
customer_a9ceef7192,customer,2025-02-26,bank_dfec3f7971
customer_0f943fe220,customer,2025-04-27,bank_fd29fe1613
customer_35f4c07cfc,customer,2024-08-30,bank_2f89276376
customer_ddcda61ef5,customer,2025-08-19,bank_6bcf3c18ee
customer_5372db84b1,customer,2024-07-07,bank_30d4f5040c
customer_a6ee33f2bd,customer,2024-10-01,bank_49ae5a8076
customer_41a58c2986,customer,2025-03-17,bank_d5e8350516
customer_9a73c07f6c,customer,2025-02-14,bank_7b60072e0e
customer_67d805bbc5,customer,2025-08-09,bank_ad6538ddef
customer_dda47f79f8,customer,2024-11-15,bank_9bedaaf76a
customer_e9a22958ee,customer,2024-09-18,bank_1cb88f6f5a
customer_2d1e6cb60c,customer,2025-04-12,bank_13521f1df0
customer_4f9c22d7a7,customer,2024-09-05,bank_ad230ee946
customer_be8dba5d07,customer,2025-11-27,bank_86c7436af3
customer_2e85153f44,customer,2024-12-22,bank_a154668b8f
customer_e84af95012,customer,2025-03-01,bank_b893b15d7e
customer_090932915e,customer,2025-12-06,bank_e4769f22b5
customer_517ffc997e,customer,2025-01-19,bank_747437ad73
customer_04ea3cc390,customer,2024-11-13,bank_ce53ad4c9b
customer_a4ffc03012,customer,2024-12-29,bank_2ac52cc92d
customer_8337dd1be4,customer,2025-01-22,bank_9e6000492e
customer_c7516e1807,customer,2026-03-16,bank_f3452635fe
customer_9587cdbf09,customer,2026-01-03,bank_3cadffe3d2
customer_ca4e898f40,customer,2026-01-09,bank_c69d4c64b8
customer_b808438879,customer,2025-08-24,bank_69f8eda98d
customer_5b6eb8c36b,customer,2024-10-12,bank_c9bcb1a056
customer_dea88e919e,customer,2025-02-18,bank_fd32eb53d9
customer_2487b57045,customer,2025-03-12,bank_3ba4e7a6ee
customer_a1534a7d22,customer,2024-07-14,bank_ac29258059
customer_c11ecfaaf1,customer,2026-04-01,bank_3ce9301c54
customer_7c1003f5d5,customer,2025-10-10,bank_f0493efee7
customer_b313585faa,customer,2025-03-28,bank_ce33e4a0d6
customer_16c9b46e58,customer,2025-09-23,bank_bd00af9144
customer_4511a76c2d,customer,2026-02-25,bank_af46fe1f77
customer_19ef0798bb,customer,2025-10-21,bank_a339ea5343
customer_67be638f94,customer,2025-10-11,bank_b007131958
customer_16e2cddf8d,customer,2024-06-13,bank_a429ca19a2
customer_c6e772df90,customer,2024-07-15,bank_f99c0de52d
customer_156ca4cc73,customer,2025-03-29,bank_958ec5c3b9
customer_ae465c1e4b,customer,2026-01-04,bank_241c53b11b
customer_9a0e201fd2,customer,2025-01-17,bank_cba676c7f3
customer_e8bad4b807,customer,2025-06-30,bank_501cd6ea28
customer_325976222d,customer,2026-02-03,bank_334e674ab0
customer_3aab864f6e,customer,2025-12-31,bank_09271847f5
customer_74e21da5a8,customer,2026-01-01,bank_64ea28f0fc
customer_ee17a00834,customer,2025-12-07,bank_a1d31623fa
customer_35f65decce,customer,2025-02-26,bank_e24e53a99f
customer_5d7f73c0ec,customer,2024-09-19,bank_c6195cc35f
customer_2857dfe1d4,customer,2024-12-18,bank_b506dc120a
customer_6c1ec48620,customer,2024-07-09,bank_58a79f623a
customer_fe07d5c1eb,customer,2025-11-11,bank_a58607812b
customer_9357fc93be,customer,2025-12-08,bank_23e902c1d6
customer_45a915f1ae,customer,2025-01-24,bank_74cd3bce0a
customer_4627df9467,customer,2026-04-21,bank_2fdc4da4b5
customer_b8147100d3,customer,2025-04-02,bank_85b42bfc73
customer_8f4215d1c1,customer,2024-07-01,bank_9b0d26942e
customer_eee0ca304b,customer,2024-12-13,bank_6eb6145e20
customer_b920139208,customer,2025-01-31,bank_8c2988abc9
customer_a3b69d58d6,customer,2026-02-05,bank_f2bb517b93
customer_9d68daf774,customer,2025-07-05,bank_99013d5e77
customer_29f8a64132,customer,2024-10-27,bank_4539c95bbd
customer_f264b8494b,customer,2025-01-17,bank_cd1839fa28
customer_f679885f1e,customer,2024-11-23,bank_a0d94bee16
customer_2f8ca7f1a4,customer,2026-01-04,bank_e6f61c72c5
customer_52810c97b4,customer,2025-04-20,bank_3e8bca989e
customer_6ea9c60fdf,customer,2025-02-03,bank_bb894a98cd
customer_267657baec,customer,2025-02-19,bank_142c2c44b9
customer_9fa5686408,customer,2025-08-20,bank_01d298c781
customer_bf30f484d1,customer,2025-01-25,bank_cef40fc23b
customer_1abdc937ba,customer,2025-02-05,bank_0be044efd7
customer_e7cd36c9fb,customer,2024-09-05,bank_ab312cd920
customer_a45c53581d,customer,2024-08-14,bank_dfc1b3a77c
customer_9e054e0619,customer,2024-08-08,bank_c47f588052
customer_5192f56ccf,customer,2026-03-01,bank_61800ef87d
customer_c079caf751,customer,2024-11-01,bank_00aff86865
customer_28f30be7f0,customer,2024-10-26,bank_1378a7efe5
customer_7abe4ae688,customer,2025-07-05,bank_4beeeb5aea
customer_44f36359c5,customer,2025-07-31,bank_172e5e24b2
customer_9157d73efc,customer,2026-01-23,bank_c0b2438f0e
customer_bf551e641c,customer,2026-03-01,bank_16fa3f659e
customer_98712ea74b,customer,2025-12-22,bank_2de38d4ad3
customer_71001da609,customer,2025-08-18,bank_f7cb0ab3e2
customer_5930b98720,customer,2025-06-05,bank_9f6a8d9f3d
customer_054d1deb11,customer,2024-12-15,bank_428d53d0c2
customer_8a924704f3,customer,2024-07-22,bank_33d3f3841f
customer_3caab59c33,customer,2025-04-11,bank_7eedf428ff
customer_2464272f6f,customer,2024-07-21,bank_06a3ca7574
customer_859a4ce41e,customer,2025-03-14,bank_0d49fbd9c3
customer_97c2599a9d,customer,2025-04-18,bank_2fab5e367e
customer_ed3cd34bfb,customer,2024-09-12,bank_356ed2462b
customer_d5630a4682,customer,2025-01-16,bank_7829c5ae3f
customer_29439f08bc,customer,2025-04-29,bank_8a52aba3a7
customer_0fe95ec58c,customer,2025-09-19,bank_aec3f9262b
customer_e6f64429dd,customer,2025-07-30,bank_58c0bb30e6
customer_4fd082ced9,customer,2025-05-20,bank_4544077682
customer_0e4f29ab37,customer,2025-12-18,bank_3b1034e4d4
customer_d9979b28a0,customer,2025-05-14,bank_465b0dee12
customer_3b521bbee5,customer,2026-03-14,bank_7a4ba25201
customer_32dc119632,customer,2026-04-14,bank_557d50b08a
customer_e9755c1246,customer,2025-02-03,bank_83177ddc15
customer_368addf5f4,customer,2025-02-16,bank_180be9f434
customer_6066fcf3cb,customer,2025-12-16,bank_7a245194a5
customer_2fcce17782,customer,2025-11-19,bank_da910fe08a
customer_687aebad87,customer,2024-06-29,bank_48a1f9380a
customer_353a768ba6,customer,2025-04-15,bank_23ec85f21f
customer_8a6cca85f5,customer,2025-11-12,bank_ddc50fd9cc
customer_36cd7d91a6,customer,2024-07-29,bank_c4af30c11b
customer_128b4054f8,customer,2025-09-03,bank_a16416c96f
customer_d2c1b38275,customer,2026-01-27,bank_f405efb770
customer_e18751fb2f,customer,2026-04-29,bank_3fd2336379
customer_3489654360,customer,2025-12-16,bank_5cf58b762c
customer_e80ee4e547,customer,2024-11-15,bank_b87aa0fa65
customer_d7d0892359,customer,2026-04-21,bank_28f88e0da0
customer_4df4533672,customer,2025-05-14,bank_289496ba95
customer_51d7371c5a,customer,2025-02-22,bank_7792526913
customer_d46e14a271,customer,2024-12-27,bank_7027c60683
customer_c97fcc4cf8,customer,2025-04-03,bank_d575d4d65f
customer_4c4619c95c,customer,2026-01-16,bank_eaa7691059
customer_9e307f673f,customer,2025-04-19,bank_363ec7f9a3
customer_82e01a587c,customer,2025-12-15,bank_5755a7d22d
customer_b38debac3f,customer,2025-12-05,bank_2b1250c3fd
customer_1e29dd1dd9,customer,2024-10-01,bank_3a7d62975c
customer_4ff34daab8,customer,2025-11-13,bank_b3ab6e215e
customer_ae67eff52a,customer,2025-09-24,bank_a3c1d7d8e8
customer_3bb36aabae,customer,2025-03-05,bank_bede75b370
customer_2e5b5ccabc,customer,2025-02-01,bank_b524637c72
customer_de35295885,customer,2026-01-18,bank_7c813decf3
customer_5987ab1bb6,customer,2024-09-04,bank_96ca3a553e
customer_8f5dcbc631,customer,2025-05-06,bank_9c83b41dd1
customer_c118ee5860,customer,2025-08-20,bank_d4b5cc2eac
customer_41948025b4,customer,2026-02-03,bank_5b5dee65cb
customer_e5970ab735,customer,2024-08-23,bank_25246bf91e
customer_8911be5f95,customer,2024-08-16,bank_d70263f5f4
customer_58cebbb089,customer,2026-04-03,bank_255abed461
customer_221eccca37,customer,2025-10-02,bank_3ce9896324
customer_0de3dbeb71,customer,2024-11-25,bank_9c38c2d1fa
customer_e088252fee,customer,2025-07-02,bank_fb9bc064a4
customer_ca80bb04c8,customer,2025-08-28,bank_bfe8b4d054
customer_542fb97c5f,customer,2026-01-05,bank_3b40b5a8bc
customer_4d25499f2f,customer,2024-08-30,bank_94055f3d29
customer_0eea34ab1d,customer,2026-04-18,bank_9db9de4aa1
customer_f25f7ea695,customer,2025-12-16,bank_7ee252104b
customer_2ea9e4e69d,customer,2025-04-21,bank_7fbe0cd6de
customer_14fc2de1a0,customer,2025-01-03,bank_559c6c90cf
customer_b98ad89e60,customer,2026-04-13,bank_fdc45291a3
customer_6e7bad28c6,customer,2025-08-05,bank_b8a448c39d
customer_95783c77eb,customer,2026-02-28,bank_987674f8b2
customer_bcaea3d7ec,customer,2024-11-28,bank_0ec7569165
customer_dea465ca35,customer,2024-12-03,bank_7766ef5721
customer_af96adfdc3,customer,2025-02-21,bank_04d23207f1
customer_5535b83ee5,customer,2026-02-05,bank_463cde3d16
customer_a63a1fa1e7,customer,2024-10-27,bank_e817d7a85f
customer_a4ec94a24f,customer,2026-02-04,bank_717ce26ea8
customer_d9e2842604,customer,2024-11-23,bank_e612708ca9
customer_ffbb0efd8f,customer,2024-10-28,bank_258510721a
customer_e33c0baf37,customer,2024-09-07,bank_848274afeb
customer_d0028b24a1,customer,2024-06-02,bank_28907f24fb
customer_9289d44c99,customer,2025-02-07,bank_0bb520ef5f
customer_67ecc37938,customer,2025-08-23,bank_3eeb364955
customer_d94c92e8ee,customer,2026-01-02,bank_bcfa2f7d50
customer_9b44d7c9af,customer,2024-08-15,bank_d95c940036
customer_4b801499ed,customer,2024-06-17,bank_d0ed3c03c0
customer_d4c6a7239a,customer,2025-11-02,bank_ceae627e43
customer_dd68950a41,customer,2025-12-11,bank_a7072a5258
customer_fa203c06b0,customer,2024-12-08,bank_f985915f9e
customer_908d237179,customer,2024-11-17,bank_e8e3383933
customer_af85c3cbcb,customer,2025-08-08,bank_38cf3c81fa
customer_35df9fbb27,customer,2025-12-22,bank_a1ce1d74c2
customer_329e32b2ed,customer,2025-12-31,bank_effe47cd05
customer_6888265f5b,customer,2025-05-22,bank_05d1f39161
customer_e8681aa530,customer,2025-07-26,bank_856e3415f2
customer_46b40179e5,customer,2024-09-17,bank_420b32e4b4
customer_d5a5569e09,customer,2024-12-08,bank_2c5d264089
customer_505ec44963,customer,2025-04-27,bank_dfc26f9ca1
customer_be8d9f9f3e,customer,2025-11-11,bank_3bf6c35fd9
customer_2f28f12126,customer,2025-08-12,bank_9f919ae0f3
customer_1b04aba301,customer,2024-09-20,bank_831285c02a
customer_739dba1ccf,customer,2026-01-02,bank_c37374cfa5
customer_900c79b6b7,customer,2026-04-28,bank_ed3137bada
customer_7a96dea954,customer,2026-03-14,bank_ad74e12340
customer_9794c49403,customer,2025-11-28,bank_f061ec8919
customer_9d92a61004,customer,2024-06-28,bank_c1697d263d
customer_496f2c320e,customer,2025-08-19,bank_b41d124a5b
customer_ec23640749,customer,2025-07-27,bank_65f3b38e8b
customer_0dee8a8870,customer,2025-04-14,bank_8208fc6077
customer_a68b33baa4,customer,2024-06-10,bank_88cc330e35
customer_16da53a2b7,customer,2025-09-14,bank_f6db2fad79
customer_b49a917f39,customer,2026-03-14,bank_c9ae14184a
customer_787908abeb,customer,2025-07-15,bank_88b1676f36
customer_bffe2e9924,customer,2025-05-30,bank_ba274b149c
customer_0149ce7ceb,customer,2025-01-18,bank_d7d7221d74
customer_bf538f174c,customer,2025-10-07,bank_bb1f6411c0
customer_f5487034ee,customer,2024-08-01,bank_240215c500
customer_f59a2f7647,customer,2025-04-18,bank_5e4e490cc9
customer_55fc1a250c,customer,2025-10-12,bank_c23ae17533
customer_b843c15fcd,customer,2025-08-22,bank_0ac4f1e559
customer_ce786d3807,customer,2025-03-07,bank_015af3634d
customer_36061a4558,customer,2024-07-18,bank_6a54685639
customer_3e5e2f53b2,customer,2025-05-22,bank_4a68b14536
customer_f598018780,customer,2025-04-10,bank_963446e360
customer_d6b22f024d,customer,2025-06-20,bank_e39faae378
customer_ab52fde145,customer,2024-11-04,bank_b55fbb6f34
customer_85e5a4658c,customer,2026-02-28,bank_2321362100
customer_07c633ad67,customer,2026-01-25,bank_35d4220d68
customer_12362b3a87,customer,2025-03-04,bank_cbc0e58280
customer_49d2d99f8b,customer,2025-01-16,bank_99a61b8b08
customer_c40f53ae7e,customer,2024-09-13,bank_792ca44e63
customer_fadfa87a23,customer,2024-07-17,bank_164d9a0b9b
customer_69e412d1e8,customer,2024-09-01,bank_17fd63bbcb
customer_9b2c2a2c74,customer,2024-06-21,bank_2b8214cf33
customer_b90588ca27,customer,2025-08-06,bank_7bb129c622
customer_8657fd41fb,customer,2025-05-31,bank_aa29504e2b
customer_2f0733be4f,customer,2025-07-26,bank_e92deba0a1
customer_62d6e02bd7,customer,2025-10-05,bank_0694a6b665
customer_ad0383ea97,customer,2026-01-09,bank_420d9b6ed8
customer_7f45c47932,customer,2025-01-25,bank_9300e352d5
customer_4b7eac4949,customer,2025-12-28,bank_efb8687769
customer_2b55a1b811,customer,2025-09-30,bank_7e6a5cb6cd
customer_9249371b41,customer,2025-08-02,bank_69e34f1096
customer_07e4e4b3e1,customer,2025-11-20,bank_8a224196e2
customer_91a1f5124e,customer,2024-08-21,bank_64b6415df2
customer_96b1385c8c,customer,2025-11-30,bank_7605643abd
customer_3f059cf890,customer,2025-05-01,bank_b5d26c5a21
customer_9d371acdd2,customer,2026-03-11,bank_75d6d7e52e
customer_6af5aaabb9,customer,2025-11-03,bank_13e199ccaa
customer_09de65ab64,customer,2025-01-22,bank_1e39e48b08
customer_56a4f9b867,customer,2025-08-18,bank_60cb1747ea
customer_8747b6c70e,customer,2026-01-16,bank_52c3145688
customer_59621a2fb1,customer,2025-12-27,bank_2b0f416710
customer_b762571873,customer,2025-09-15,bank_70e7273dc3
customer_21487b648a,customer,2025-04-14,bank_6a6278aa31
customer_8e459ab88c,customer,2026-02-03,bank_a153c4e8e1
customer_59279953d0,customer,2026-02-13,bank_a8cdd1c1f2
customer_da47ad1c74,customer,2025-10-10,bank_7e3dfa3309
customer_12200e3d09,customer,2026-01-26,bank_efcea3e3d4
customer_af449de6f8,customer,2025-12-26,bank_da41c72db3
customer_9b8ee87c3d,customer,2026-03-10,bank_b759a1929c
customer_4e0cb18da9,customer,2025-02-11,bank_021e76efd5
customer_0e7df7f2c3,customer,2025-03-22,bank_1ce33bf075
customer_cfe0ae67c8,customer,2025-04-04,bank_f7d3c18546
customer_7b0646888a,customer,2025-11-05,bank_83c21bdca2
customer_617e2c7800,customer,2025-10-21,bank_3d8673c22a
customer_7045ab128f,customer,2025-01-29,bank_7be00d0288
customer_7c523f6617,customer,2024-08-04,bank_90c3305ca3
customer_b5c702bd00,customer,2025-07-02,bank_5c63cb4fdc
customer_1cc26d37d1,customer,2024-10-14,bank_8f0f5d1ab0
customer_7e722ef140,customer,2026-01-31,bank_3cdd485999
customer_0576e369aa,customer,2025-12-11,bank_16f2507ea6
customer_44ad350a4f,customer,2024-07-11,bank_bff73db54a
customer_d01a954d39,customer,2025-08-18,bank_f2e44b8b48
customer_2f3264170d,customer,2026-04-11,bank_e818104183
customer_0ea7ef8b09,customer,2024-12-25,bank_54a3b0cae8
customer_4a91ad6f8b,customer,2024-09-28,bank_a1baf26bab
customer_b9e16cbcc5,customer,2025-03-29,bank_2122fb7067
customer_a3b3a8f47f,customer,2026-04-04,bank_6fb7942d13
customer_f62bcb6fd0,customer,2026-03-31,bank_c3b6152309
customer_1442913e7d,customer,2026-03-02,bank_65d1ac38dc
customer_0e28df3121,customer,2025-04-29,bank_b9bf2e6a23
customer_3b2bff4e5e,customer,2025-09-04,bank_56dfa9df60
customer_542a761e4c,customer,2025-08-20,bank_418fabdd9a
customer_e290dd3382,customer,2025-08-01,bank_17200c592a
customer_38d119f3cb,customer,2025-09-18,bank_789000c1ce
customer_dffaddebef,customer,2025-11-04,bank_fb872cf886
customer_3ed2ef6303,customer,2024-09-01,bank_c3713f3ed7
customer_ce10cf7aa7,customer,2025-04-28,bank_1218676e41
customer_0882e774a9,customer,2025-05-05,bank_a56c0aa6e4
customer_dd0baaa34a,customer,2025-12-06,bank_c56fa6c7fc
customer_a7b6c5826a,customer,2024-12-12,bank_0aec512cef
customer_9bb88e5107,customer,2025-11-02,bank_71d2048c08
customer_93df62b9bd,customer,2026-01-28,bank_aae389bb2c
customer_c0d7bb5245,customer,2024-08-22,bank_4fade36dc5
customer_456f8d4ffc,customer,2024-11-07,bank_7b3b33266b
customer_a4463829d0,customer,2025-05-26,bank_32e01d25d8
customer_1fcee0fd43,customer,2025-12-18,bank_bb62c56d10
customer_a330d96907,customer,2025-10-31,bank_ec4b49c8a0
customer_8c2aaeec89,customer,2026-03-01,bank_43eadbc224
customer_e728582e3c,customer,2024-09-07,bank_ddd0349264
customer_75a03d3fa3,customer,2024-11-08,bank_6e1a32e900
customer_1d70711a17,customer,2024-06-21,bank_abcb0d11aa
customer_f30852b638,customer,2025-05-21,bank_6a079a1134
customer_0fd69d7190,customer,2025-12-12,bank_f6bdadb3ed
customer_40b8305922,customer,2025-02-07,bank_731d9ea3ce
customer_9434d47bd3,customer,2024-12-18,bank_8e38da6cc1
customer_f656399585,customer,2025-11-03,bank_5a5563b90a
customer_f64c06e03e,customer,2024-08-10,bank_54d0ce18a6
customer_b3d009c8e3,customer,2024-06-18,bank_daeceff09b
customer_f17f8e1a94,customer,2025-04-08,bank_43c086935d
customer_f7399f8144,customer,2025-07-03,bank_afbe39748b
customer_66c02138e1,customer,2026-04-29,bank_1fd9511f68
customer_0b65534404,customer,2025-03-26,bank_0f3c4b6d17
customer_7700917b7a,customer,2025-10-26,bank_2da5a55474
customer_c955ae4b66,customer,2024-08-12,bank_60c8d36324
customer_a48693ed31,customer,2024-09-28,bank_a4832420d0
customer_4079a06249,customer,2025-12-07,bank_bd7860b66d
customer_84c5731838,customer,2025-08-30,bank_349715c17f
customer_4d0338ea73,customer,2024-07-18,bank_c5d69db30e
customer_759137bd80,customer,2024-06-13,bank_66749dd391
customer_1456add0ce,customer,2025-01-28,bank_3c06e47739
customer_22ac4393ce,customer,2025-09-28,bank_b55ceef6ad
customer_3abdb3f1fa,customer,2026-02-20,bank_458c6af107
customer_c69f7f320c,customer,2026-01-10,bank_9934b4d92a
customer_26b54dc2f3,customer,2026-03-12,bank_c6df667b3d
customer_8df9cd6684,customer,2025-02-25,bank_6bce865336
customer_c64b841488,customer,2024-12-12,bank_12396a6262
customer_e4f7fa1e69,customer,2025-04-11,bank_e058e322fd
customer_1aa67a7b54,customer,2024-09-16,bank_c3aedec4ba
customer_869421368b,customer,2025-09-12,bank_c6a755bce9
customer_dec7981045,customer,2026-03-27,bank_1aa15871e8
customer_8d715d4f47,customer,2025-06-08,bank_e190ffe9b0
customer_eb9da3c9c3,customer,2026-02-14,bank_509010a462
customer_07e051b518,customer,2025-04-11,bank_100af64e73
customer_96c564b793,customer,2026-02-13,bank_a040f8f196
customer_479fcb6539,customer,2025-05-19,bank_adbd56c203
customer_f72ff9702e,customer,2024-12-22,bank_48858d0a14
customer_99c31a3ce7,customer,2024-06-30,bank_b04bf00ca9
customer_18a13f54ba,customer,2025-02-10,bank_ef3e588ba5
customer_a0c5c9a354,customer,2026-01-17,bank_3bbc55792a
customer_81d17654b3,customer,2025-03-07,bank_fbb8c0059d
customer_a9bc7b9021,customer,2024-10-24,bank_5b097928fb
customer_11d91053d7,customer,2025-06-30,bank_ece2af8355
customer_adf5376963,customer,2026-03-11,bank_9077dceb3e
customer_2404eaf503,customer,2024-10-15,bank_17613c5052
customer_ecfe0abadf,customer,2026-03-06,bank_4127140856
customer_de13414099,customer,2025-02-17,bank_e0bfd83f6d
customer_0c1154cd68,customer,2024-06-22,bank_d1604eaf50
customer_5cc1dd9be8,customer,2025-10-08,bank_829e9cea39
customer_f8434b62e8,customer,2025-10-01,bank_fab9cf0409
customer_27feaad66e,customer,2026-02-06,bank_71cb43e904
customer_7cd827777f,customer,2025-06-19,bank_15f60bd196
customer_d5899266dc,customer,2025-01-03,bank_919ca308ed
customer_88ff386994,customer,2025-08-02,bank_38591841f8
customer_76e344a900,customer,2024-10-20,bank_57df9536e8
customer_fab44b8803,customer,2025-04-16,bank_147cb0b75e
customer_46593d3686,customer,2025-01-29,bank_b0517407de
customer_aad5c9c2d4,customer,2025-01-09,bank_2c3019b105
customer_082f8d10df,customer,2024-09-30,bank_4c5b797b10
customer_87065237d7,customer,2024-06-16,bank_5bb0247f18
customer_5809eadbb3,customer,2024-06-15,bank_004accdedb
customer_95a82564eb,customer,2025-03-03,bank_2bcdfde844
customer_b6b2451000,customer,2025-09-10,bank_f8b3f07a0a
customer_26e2409a0e,customer,2025-03-30,bank_367d52ac4f
customer_0c97a05911,customer,2025-02-26,bank_40532713e5
customer_ed443844e1,customer,2024-12-30,bank_41a1f33ec8
customer_bee486f766,customer,2024-12-29,bank_24695c97ed
customer_81c79966cd,customer,2026-03-26,bank_22027586b1
customer_7a9ee5df72,customer,2024-09-22,bank_f5ddbe7c9e
customer_0fd6f5d2c1,customer,2025-12-01,bank_d62ad237a5
customer_dab11c8883,customer,2025-11-04,bank_dd0650b013
customer_6f850e0ea7,customer,2025-10-15,bank_86f2568938
customer_390211e40a,customer,2026-02-09,bank_d4f023c424
customer_361829dacb,customer,2025-10-06,bank_b9b0b85d1b
customer_971586aff0,customer,2025-11-30,bank_a9caae6326
customer_712cf0de21,customer,2025-06-07,bank_fb46d020ff
customer_e56b007e2a,customer,2026-01-31,bank_2d1a97784c
customer_1b2872c3a3,customer,2025-03-20,bank_04c0bf97f8
customer_a60b7eb272,customer,2025-07-22,bank_1b779c6017
customer_6fbdab173a,customer,2026-04-18,bank_9d123db182
customer_2c63938a3b,customer,2024-09-06,bank_1c17b4da2b
customer_99291df107,customer,2026-01-05,bank_0c71232e59
customer_f500345176,customer,2024-09-27,bank_e37d514f6b
customer_7c34b39940,customer,2026-01-12,bank_79d4d41516
customer_3292f17921,customer,2024-10-29,bank_f3472d7823
customer_83006846b9,customer,2025-04-03,bank_8c25092e90
customer_d6cd985d3c,customer,2024-09-22,bank_d4c7eae73c
customer_fae4309b48,customer,2026-03-23,bank_f7c49d123f
customer_5e161a1ab8,customer,2025-03-14,bank_9709fa6087
customer_9a8e7f7860,customer,2024-06-02,bank_6cf556d95a
customer_a30a7ef8b2,customer,2025-03-21,bank_db0ebc815c
customer_85b7cb4408,customer,2024-12-30,bank_b873fb32ac
customer_702c4341ba,customer,2025-05-20,bank_8103bda106
customer_81601c402a,customer,2025-06-16,bank_fb2f84fb1b
customer_fa6685d9f6,customer,2026-01-20,bank_55bc1f9257
customer_345ee7d6d8,customer,2025-06-27,bank_1753897333
customer_ef7d06bc64,customer,2025-06-06,bank_86629facdf
customer_ed66325df5,customer,2025-02-28,bank_4262f577fd
customer_93b311a6f5,customer,2026-01-29,bank_b8dd8a1c0e
customer_19abeb13b3,customer,2025-09-26,bank_113d0651ea
customer_b8a0c837f5,customer,2024-11-18,bank_d64cc6b3e1
customer_e1ad398838,customer,2024-11-19,bank_a06c2d25fb
customer_b4c6e1dec5,customer,2025-06-16,bank_ba825765d6
customer_235c4ce827,customer,2025-03-13,bank_7031de08e1
customer_fd2c2fffd0,customer,2024-09-25,bank_b0a01445e7
customer_b6792453b2,customer,2025-10-15,bank_ce23248d01
customer_7aa56bf8ad,customer,2025-08-18,bank_7f89862174
customer_5a36bbcd68,customer,2025-04-26,bank_81421065b2
customer_ee614305bd,customer,2025-04-18,bank_3c4ffe146c
customer_537e78a1b2,customer,2024-11-29,bank_4ca8890323
customer_a8907d7678,customer,2025-12-25,bank_e4d553f617
customer_80ac134451,customer,2024-12-16,bank_e4b73265fa
customer_e89e0b94e6,customer,2025-10-31,bank_d126b51bd1
customer_191cdeba9c,customer,2024-10-13,bank_2d56df5661
customer_4968223904,customer,2025-11-14,bank_05cd71a669
customer_e78692a8d9,customer,2026-01-28,bank_e6c1209a2a
customer_3f32356c6a,customer,2026-03-11,bank_6de6a605f2
customer_06899913fb,customer,2025-09-23,bank_671a72f7bf
customer_da8a0d0496,customer,2025-09-12,bank_a83d22acf2
customer_1b5c18c00e,customer,2025-07-29,bank_32c3aacceb
customer_67775cdf40,customer,2026-04-10,bank_ecc9ace015
customer_0367c0d5ae,customer,2026-04-21,bank_d05a70db72
customer_a1092f4a50,customer,2024-07-07,bank_1ab4181d40
customer_09780ab349,customer,2026-04-22,bank_0bbadd2d65
customer_2e51108d1e,customer,2024-08-16,bank_66a8e871ad
customer_07bffe425c,customer,2024-07-11,bank_162bebd49c
customer_3953e9ab10,customer,2025-05-08,bank_a39d5002de
customer_9b8c1a6fac,customer,2025-09-19,bank_a4cb615275
customer_62493108fd,customer,2024-06-06,bank_0d32bb06df
customer_dedb9928f2,customer,2025-03-20,bank_b32d8bc0b4
customer_c2423e1a8c,customer,2024-11-23,bank_d8d00b8f0a
customer_416aefd85f,customer,2024-10-03,bank_9b0626e431
customer_b56a95b3c9,customer,2025-07-15,bank_0173961855
customer_abc9b154d4,customer,2026-01-10,bank_ae3b535454
customer_ed2d264e9c,customer,2025-07-21,bank_961ea36fe9
customer_d9b589ae39,customer,2025-07-21,bank_4c1a5214c4
customer_4d76a72fb5,customer,2024-07-02,bank_1c7dc8511d
customer_4cc90c6b99,customer,2024-11-17,bank_a6aa0f1d90
customer_126d443fb3,customer,2026-03-03,bank_97413cfc5e
customer_317168c9b8,customer,2025-03-13,bank_e81e3f711d
customer_24b42312a4,customer,2024-06-02,bank_307d85fa49
customer_b015b565c4,customer,2026-04-04,bank_043b235160
customer_333817f832,customer,2025-07-02,bank_d3951088ae
customer_a49408dbdb,customer,2025-03-29,bank_50b4952965
customer_8163d5a375,customer,2024-09-10,bank_a20631857d
customer_319f8462fd,customer,2025-10-18,bank_d66704441e
customer_b09ed9b3a2,customer,2025-09-15,bank_5ec0b032b6
customer_9c5eaee2f5,customer,2024-07-16,bank_d292aff616
customer_21dfd64ffa,customer,2025-04-28,bank_8c53b0fd09
customer_ac3c27e419,customer,2025-11-07,bank_3cda1ae32f
customer_bda1a2413e,customer,2025-10-27,bank_cdf14cab4c
customer_2e09adb321,customer,2025-01-03,bank_7cc727186e
customer_d819618913,customer,2024-10-05,bank_743a0c0403
customer_69d50b2a4e,customer,2025-05-22,bank_e3f2ad5d7e
customer_7777a3b04b,customer,2025-09-15,bank_12646887f4
customer_c5d47a89f4,customer,2025-06-20,bank_712dad41d1
customer_123fb973d8,customer,2025-04-15,bank_4a8412ba6c
customer_978d5082a9,customer,2025-07-03,bank_3ad01cb2f0
customer_00272b9e66,customer,2025-01-04,bank_2097b080e2
customer_e20a2a9e8a,customer,2024-09-13,bank_67f741de52
customer_74c6519c1f,customer,2025-01-02,bank_36380bb474
customer_afe00b4f9a,customer,2025-12-29,bank_2bcd80853a
customer_0267f623de,customer,2024-11-04,bank_2f8ad705d3
customer_d8e8cb91dc,customer,2026-03-06,bank_eda8291077
customer_2c27bec7ea,customer,2025-05-15,bank_c75c27ffbb
customer_25d032bef9,customer,2025-01-17,bank_7cb158717e
customer_7dd8c345c3,customer,2025-10-28,bank_28c4fed712
customer_56e250a070,customer,2025-05-25,bank_a5f4b58722
customer_3e78fc3ab3,customer,2024-07-20,bank_eef2e187f4
customer_e82fde316f,customer,2025-07-24,bank_1df1cc8446
customer_016183280e,customer,2024-09-17,bank_1e74acff11
customer_1abb47e401,customer,2026-01-30,bank_3181b18e20
customer_639b4f1235,customer,2024-07-21,bank_53ffddc198
customer_7f18ac28b8,customer,2025-02-15,bank_b065df6481
customer_4ce526594f,customer,2026-03-23,bank_7c3c66a46c
customer_74929c7a4a,customer,2025-04-13,bank_e46d42958b
customer_0f8e2c30b1,customer,2024-11-03,bank_005dd814e8
customer_7a860b47ee,customer,2024-06-07,bank_a230091c6b
customer_cd682845dc,customer,2025-08-19,bank_2226444523
customer_4c241a10fb,customer,2025-06-15,bank_e3e01b564d
customer_426bc91689,customer,2025-04-03,bank_32f9b62b28
customer_df0d6f223a,customer,2025-11-10,bank_e395d1ede1
customer_497b0b0349,customer,2025-07-07,bank_3275ef2bbf
customer_df231ba2d8,customer,2024-11-14,bank_9f85d6aa91
customer_9432eaf060,customer,2025-02-10,bank_ad0b6d8068
customer_94578c5c55,customer,2024-12-15,bank_659e86b88b
customer_13afdad56e,customer,2025-11-13,bank_919b281636
customer_b067933280,customer,2025-09-09,bank_36132e5ce9
customer_e0ece9318a,customer,2025-12-17,bank_3fbf608127
customer_9afed812ef,customer,2024-11-30,bank_9d19a7f233
customer_03a0e45e7e,customer,2025-04-20,bank_e41730f2c2
customer_a87b93ea4b,customer,2026-03-23,bank_eca149d373
customer_15791864a3,customer,2024-10-30,bank_89222d55f4
customer_c65645a2d4,customer,2026-03-12,bank_69b148fe09
customer_a9bb6bc311,customer,2024-06-30,bank_7e838334f1
customer_1240832ca4,customer,2026-01-02,bank_260b8b22a7
customer_3ababd6622,customer,2025-04-06,bank_0999237e83
customer_fd043b7dcb,customer,2025-08-15,bank_500b7e6455
customer_ac04ded0b3,customer,2025-11-25,bank_9aeaab6027
customer_62b9fc62ed,customer,2024-07-24,bank_4b504f066b
customer_21e3a4d8f8,customer,2025-02-24,bank_c64f099ec4
customer_36ac9d8d47,customer,2024-06-21,bank_5c6d797bda
customer_cba2e36101,customer,2024-08-01,bank_ff718787ff
customer_ee3b3b3268,customer,2025-02-26,bank_c8ec4046e9
customer_1845652e6c,customer,2024-08-06,bank_d5ccdefd1a
customer_11764e8bb7,customer,2026-01-04,bank_beeff549d5
customer_a599789046,customer,2024-12-07,bank_67f0ad0ccb
customer_3d3164a95f,customer,2025-10-08,bank_ce96006e9b
customer_59f948bfb6,customer,2025-10-06,bank_556f600076
customer_8ecab7416e,customer,2025-03-07,bank_32b48d15d5
customer_e0c974e57f,customer,2024-10-16,bank_2a4fea680e
customer_1de927d554,customer,2024-12-24,bank_e460348584
customer_93af550936,customer,2026-04-28,bank_e4e69cb0f5
customer_a674906fa6,customer,2026-01-29,bank_4ef147bd50
customer_8cc62356f2,customer,2024-06-14,bank_aa0fb74917
customer_e5818e9982,customer,2026-01-28,bank_a164314a79
customer_bcf8c4facb,customer,2026-02-13,bank_8eb58f9391
customer_6e94ce429a,customer,2025-08-11,bank_6693808f85
customer_cd484dc229,customer,2025-01-18,bank_06fdca1c16
customer_a757935cae,customer,2026-03-10,bank_9393757d62
customer_29d1489740,customer,2026-03-21,bank_6953c8415f
customer_c6ca9ffbdc,customer,2024-06-06,bank_2fdb168851
customer_acdb81972a,customer,2026-01-02,bank_8c02021656
customer_f88c7aa2e1,customer,2025-12-10,bank_f0be76aa4d
customer_a75f6bca8d,customer,2025-11-07,bank_bc874e2029
customer_38c0eee2da,customer,2025-02-06,bank_503766f6f0
customer_95d2deecd5,customer,2026-01-25,bank_7f1ba59f6f
customer_5a0fdba1d5,customer,2026-01-04,bank_011929fbab
customer_63d16ddc27,customer,2025-07-26,bank_7448591bf7
customer_3731378988,customer,2025-02-23,bank_83d70ae5b1
customer_fb62c309ee,customer,2025-12-16,bank_c45147eaa5
customer_17eda5dbfe,customer,2026-03-01,bank_710233e0a6
customer_468735b75f,customer,2025-02-28,bank_a5093f34e8
customer_619597942e,customer,2024-09-25,bank_f82bbc4b30
customer_0aea507c85,customer,2025-10-27,bank_a5eee5b3f3
customer_b59e0d5077,customer,2024-08-12,bank_e40187fd35
customer_e6032b7b68,customer,2025-12-18,bank_ae1e507fef
customer_fb6f12a654,customer,2026-01-05,bank_ef6a3d05db
customer_271abc3e4d,customer,2026-02-25,bank_7a0dbe841a
customer_132d873535,customer,2025-06-13,bank_92d0e94fd6
customer_d2ff4b2c22,customer,2024-06-05,bank_71c5cf2168
customer_e849d44c07,customer,2024-09-29,bank_1679f675f9
customer_fa8bdc9503,customer,2025-05-19,bank_3a9a81a268
customer_5a7f5032fe,customer,2024-08-05,bank_e349c9d201
customer_0223378a00,customer,2024-06-22,bank_a19d045a3a
customer_7aaab17fea,customer,2024-12-23,bank_ccba9c8fdb
customer_2be149bdfa,customer,2024-06-07,bank_1a787ccfc3
customer_29ac5c9c92,customer,2024-10-06,bank_cbeefdcacf
customer_8fb867740d,customer,2026-04-19,bank_df4691894a
customer_9972dbe6f4,customer,2024-11-29,bank_207dc40c95
customer_96bc0be84d,customer,2025-11-12,bank_9af6edbad6
customer_f6cfd541c9,customer,2025-06-06,bank_e9f20fcf58
customer_7984699c4c,customer,2025-07-20,bank_9714eea3af
customer_e3a5132ff2,customer,2025-09-14,bank_d9927e123b
customer_b68f4510b4,customer,2025-09-02,bank_a31a5183f7
customer_109cba7761,customer,2024-09-21,bank_66c3c9fa27
customer_992f268ce2,customer,2025-01-28,bank_5dceff28b0
customer_3a4b31194a,customer,2024-12-07,bank_be6587e8d3
customer_a7cb27070b,customer,2026-04-12,bank_a447ecfc78
customer_6bd18e3166,customer,2025-03-04,bank_3b28a0aec0
customer_9532e67b49,customer,2026-04-30,bank_faa763d04e
customer_4f248e71c6,customer,2024-08-20,bank_0383a70836
customer_4e881660c0,customer,2025-06-23,bank_990f8b7c5e
customer_f6ec59c0b3,customer,2024-06-29,bank_659d7df343
customer_d293f2b777,customer,2025-05-16,bank_3b9e9708fe
customer_ac4da8fa44,customer,2025-09-14,bank_6726566e5d
customer_2ead59ec8a,customer,2024-10-04,bank_43fb08dc4b
customer_c0b9e536be,customer,2024-08-24,bank_92ec201b8e
customer_66940e8558,customer,2025-04-23,bank_5c03cbee59
customer_28ba9fa415,customer,2026-01-04,bank_d3fa6ed0da
customer_d47a04da4e,customer,2025-09-15,bank_c17fae4927
customer_1d8e2c9991,customer,2025-05-02,bank_b1567def6d
customer_d105e4499f,customer,2025-07-06,bank_26cec10148
customer_c9dc3fcebe,customer,2026-01-12,bank_0340aa156f
customer_e1de36821b,customer,2024-12-12,bank_f41b3ea7f3
customer_b999a2f3a2,customer,2025-03-07,bank_0105995302
customer_499f3662b7,customer,2024-08-13,bank_17af2288ea
customer_a178a11166,customer,2025-12-28,bank_430223a4c5
customer_4fbcbcfccd,customer,2025-10-17,bank_e4c42ee628
customer_91d3c452d1,customer,2026-01-10,bank_407a38b989
customer_491137bc36,customer,2026-03-14,bank_35b3da0062
customer_0d012fe292,customer,2024-09-05,bank_52d6b5b212
customer_814535b54f,customer,2025-01-17,bank_c6e8fae810
customer_d30f1f8be9,customer,2024-11-30,bank_e2f8d2c435
customer_1ca54e2642,customer,2026-04-26,bank_7cc3fa8d11
customer_afde75fb11,customer,2025-02-11,bank_b28e33ef00
customer_9f9455fc49,customer,2025-10-31,bank_4c774d46ef
customer_8bebb735d8,customer,2025-11-04,bank_5cd881d369
customer_966a6ea4b7,customer,2025-03-30,bank_d8498ecae3
customer_87b97af4b7,customer,2024-08-18,bank_ef740ec66b
customer_7633f53146,customer,2025-04-02,bank_62eeb29bb4
customer_dab0d18ebc,customer,2025-08-19,bank_2db5119319
customer_55ee3e38af,customer,2025-07-03,bank_b67e0055f4
customer_9295a84659,customer,2025-12-10,bank_362c2d057b
customer_332d6d5dda,customer,2024-11-22,bank_9f3cae0305
customer_60747cb7f7,customer,2024-10-17,bank_7fb610e873
customer_fa70fffc8c,customer,2024-10-11,bank_fd2897634e
customer_9d6d2ee22a,customer,2025-10-07,bank_dbae9cfff7
customer_611f805e47,customer,2025-07-07,bank_8212b82a2d
customer_7678e5185d,customer,2024-06-11,bank_9426b48dd9
customer_57d77338f8,customer,2024-07-04,bank_ab0f28ef71
customer_9a823a408d,customer,2024-10-22,bank_137e5317fc
customer_3aaab70183,customer,2026-01-02,bank_fa17248094
customer_066a4ed86d,customer,2024-10-02,bank_eb9a5672e6
customer_1a5de3e4f7,customer,2024-09-23,bank_c45519ede2
customer_484a535398,customer,2025-02-27,bank_09b693db75
customer_fb1e4489bc,customer,2025-07-12,bank_ae5f013393
customer_f7a522e7a3,customer,2024-11-11,bank_d2c10057e8
customer_15a07ad7e8,customer,2025-12-03,bank_2b7324edda
customer_6e9e137da4,customer,2026-03-04,bank_f4c594c0fc
customer_cd412b697a,customer,2025-11-17,bank_d19c1a9728
customer_225baac22a,customer,2025-08-17,bank_feae1cddec
customer_69bd0750d0,customer,2025-07-02,bank_851124ce73
customer_93f1183123,customer,2026-03-28,bank_65b3188f9b
customer_7fe4870c65,customer,2026-01-16,bank_d44021f878
customer_8b7db64b9a,customer,2024-10-02,bank_c8a2d9185d
customer_b1cfcdeeed,customer,2024-10-03,bank_4e5d1c9e6e
customer_e15c9f0c61,customer,2024-11-23,bank_4400b364c0
customer_f351891cc2,customer,2025-07-10,bank_6b4cf015a8
customer_0b9cc98cdf,customer,2025-04-05,bank_7030171b8d
customer_90af74cad6,customer,2025-06-14,bank_71ee5d7e7f
customer_283604b0b1,customer,2026-04-17,bank_0eaca1f0e4
customer_fdcb20f7b7,customer,2025-10-05,bank_40e16cbe55
customer_6ba17e78b2,customer,2025-09-12,bank_1027bc085d
customer_8e1087bda3,customer,2024-07-06,bank_85becc7863
customer_bccc200452,customer,2024-10-18,bank_d2eeb789e1
customer_69677457b1,customer,2025-10-11,bank_0a05a34291
customer_983eb2dd96,customer,2025-07-03,bank_0016980562
customer_62586ad610,customer,2024-05-31,bank_9d8a8ce68b
customer_5b454c435f,customer,2025-11-04,bank_34d1f222d1
customer_9b80a25c9a,customer,2025-12-29,bank_4de2e8a6b6
customer_c4d3836aaa,customer,2024-10-08,bank_68d71bda29
customer_2f219f9ee2,customer,2025-11-17,bank_eefceddf85
customer_61683aaacd,customer,2025-05-27,bank_cffff722ba
customer_4791659bdc,customer,2026-03-21,bank_c3de676b2e
customer_e699fa579c,customer,2026-03-09,bank_5f103ebf0a
customer_6d78326680,customer,2024-08-08,bank_60b5495489
customer_fce77f5d0b,customer,2024-09-21,bank_bab95ea1ff
customer_ada628de22,customer,2026-02-15,bank_fb45ae8da0
customer_777e852e07,customer,2024-11-08,bank_65e4bbd462
customer_cd43220df7,customer,2026-02-20,bank_02f86c4f1e
customer_3c71a165a1,customer,2025-11-18,bank_792cdb48c5
customer_b2026a53f8,customer,2024-10-28,bank_f6ec1d3d3e
customer_f5a58cdb2c,customer,2025-05-08,bank_ba2b4e8e8b
customer_9332e89ce4,customer,2024-06-20,bank_ee641b4192
customer_3a4830a8ad,customer,2025-04-26,bank_c4bf3910bc
customer_03cb128139,customer,2024-08-05,bank_40f4ed1e51
customer_3876a4d1aa,customer,2024-10-03,bank_af346dbdd1
customer_6da0f9f9ab,customer,2026-04-21,bank_f72b236515
customer_ad5cc008f3,customer,2025-05-11,bank_44a3868019
customer_d21e6d355d,customer,2024-07-12,bank_bce9c9714b
customer_a745ad3c89,customer,2025-08-24,bank_c69fe8c441
customer_501fc4328a,customer,2025-06-06,bank_1f79cc93e4
customer_f3be77ccea,customer,2025-03-31,bank_d3c6b0f54a
customer_5489b1934f,customer,2025-07-15,bank_5a5944ed33
customer_8b37bb905c,customer,2025-04-12,bank_e50ae760fc
customer_c67571504a,customer,2025-01-29,bank_43dcc66e8e
customer_c0bf7f3554,customer,2024-07-02,bank_97bd58050f
customer_1da16835f6,customer,2026-02-05,bank_02158a90c3
customer_47ddec1ffc,customer,2024-10-27,bank_70f7b33dd4
customer_56c386f303,customer,2026-02-22,bank_8011905c61
customer_7eb568ed54,customer,2024-07-25,bank_ceb4ec68a8
customer_048db1de6e,customer,2025-02-20,bank_f714264990
customer_665a1b3518,customer,2024-10-27,bank_3a9cdadc5a
customer_7aa55b059b,customer,2025-02-09,bank_b5f65edc24
customer_8e98946dae,customer,2025-11-24,bank_3208bbb09a
customer_ce6292a68e,customer,2025-05-26,bank_53789b1e11
customer_8e813379b5,customer,2026-02-14,bank_66da81c692
customer_2621ddeef5,customer,2025-08-16,bank_629c64db96
customer_4e0fb1f67e,customer,2024-09-19,bank_5de2dc277e
customer_059de8c2c6,customer,2025-08-09,bank_3a6b52812e
customer_e4e7caa022,customer,2025-01-24,bank_bbbde1375f
customer_5812b9419e,customer,2025-06-11,bank_806f9352e9
customer_b21afbf9cf,customer,2024-06-10,bank_28205565e4
customer_82df237646,customer,2026-04-24,bank_ace8e634ba
customer_46eb9006bc,customer,2024-08-05,bank_935235b9b9
customer_c336f21bdc,customer,2026-03-15,bank_97ea0f5566
customer_6542b63658,customer,2025-04-29,bank_f24a630cab
customer_74d9ae7f2f,customer,2025-07-08,bank_958d8653f4
customer_ba30cc40fb,customer,2025-06-26,bank_f33b4f534c
customer_693b102bb8,customer,2025-07-16,bank_fb049d44be
customer_251ef50ec6,customer,2025-04-05,bank_c21db7805f
customer_c88e75c67c,customer,2024-12-31,bank_863e29ef0a
customer_9632095b50,customer,2025-09-17,bank_49a9020df6
customer_ddf1c20b37,customer,2024-10-19,bank_c657419190
customer_2165b3640d,customer,2025-06-29,bank_a08b007adb
customer_ff66d14e5c,customer,2024-07-06,bank_7d497a6c4a
customer_18cdf849ba,customer,2025-12-07,bank_ae4ec42a50
customer_47efd50ba7,customer,2024-09-21,bank_4ee415d46f
customer_1bd8344641,customer,2024-10-27,bank_e481bb313e
customer_2ffffbb8bb,customer,2025-06-22,bank_405252a65c
customer_765b7d41be,customer,2025-05-13,bank_58ddfce178
customer_4dc192df30,customer,2024-11-22,bank_485c2c691c
customer_9547c22201,customer,2024-08-07,bank_863af49ce8
customer_b28f9aaf0b,customer,2026-01-03,bank_87b84f3b6f
customer_60ac6807ab,customer,2024-09-27,bank_1d3a1462ce
customer_c6bc741b03,customer,2025-01-13,bank_a02a132c1f
customer_0089c98bd4,customer,2026-02-15,bank_3c012a5ee4
customer_b7a921a02c,customer,2026-02-21,bank_6e48fe5feb
customer_76f3b53c9d,customer,2025-10-10,bank_53a90002db
customer_c60603d3df,customer,2024-12-18,bank_911a717fab
customer_e77af22015,customer,2025-12-20,bank_4404823218
customer_e70a730544,customer,2025-09-02,bank_b5a833563a
customer_94db718f6e,customer,2024-08-04,bank_79b54a0ada
customer_9e2a6872e5,customer,2024-12-19,bank_d39bc326ee
customer_474cea8a63,customer,2024-06-24,bank_e0e4090ff3
customer_4acb7ba1ee,customer,2024-09-09,bank_18adeb6c32
customer_b13ed128dd,customer,2024-09-27,bank_86e2f59798
customer_adbf38d159,customer,2025-02-16,bank_933320eda9
customer_ab29f8b540,customer,2025-09-16,bank_8cad06b07a
customer_fcdc2d6419,customer,2025-02-08,bank_641257fd07
customer_1ab6e9ae14,customer,2024-06-04,bank_1210f5f71c
customer_66d325de86,customer,2025-01-12,bank_56a37e6941
customer_ff58eb614d,customer,2025-06-22,bank_6352536cba
customer_4da6492783,customer,2026-01-09,bank_fc4cf29c3d
customer_7e73700f12,customer,2024-08-17,bank_25f295709a
customer_0f1c1f306f,customer,2025-12-08,bank_b21fa3d603
customer_a203ac9b05,customer,2024-07-28,bank_5adfde7254
customer_9fdfca4d19,customer,2026-02-12,bank_5375daf713
customer_7cfa1d7562,customer,2024-07-23,bank_39b06d8244
customer_02fe334a5d,customer,2024-09-15,bank_616c9651f1
customer_03b1c5f6aa,customer,2025-09-25,bank_fb7d59eefd
customer_e6278e05aa,customer,2025-08-07,bank_91ae012069
customer_713e07fa24,customer,2025-01-02,bank_30dd731633
customer_e588ea8bde,customer,2025-04-21,bank_5bad09bec3
customer_437b29809d,customer,2024-09-04,bank_6fa5dda099
customer_056dd621ad,customer,2025-12-14,bank_17f55f1494
customer_f22ee48db6,customer,2026-01-28,bank_6c33ee980b
customer_a8a5713d6b,customer,2026-04-20,bank_dd0dca4a28
customer_5e481253a1,customer,2024-08-10,bank_6ffc3adbd4
customer_61d3a418e6,customer,2024-11-20,bank_47338b68cc
customer_c84887f63a,customer,2025-10-29,bank_b10e323aec
customer_e949e909ed,customer,2024-06-24,bank_f4049cec77
customer_66dc226bd4,customer,2024-12-21,bank_9ec008e039
customer_9447eb3e67,customer,2025-09-18,bank_4af246a6c4
customer_e6011669b6,customer,2025-09-05,bank_04a3f67435
customer_e2a4db8877,customer,2026-03-18,bank_c5ed34d5bb
customer_989c9dc6a1,customer,2024-11-16,bank_db516698eb
customer_613d10db09,customer,2025-01-20,bank_38307f59bc
customer_1b691873a8,customer,2024-07-05,bank_43c7b530e4
customer_015d67146e,customer,2024-11-13,bank_d7c2c06708
customer_b47a81b0ee,customer,2025-08-04,bank_d9a997555b
customer_11189aea84,customer,2025-11-03,bank_1cb0fd9e65
customer_384fcba188,customer,2025-04-21,bank_de5b8fb24e
customer_4a1b4e5e34,customer,2026-02-10,bank_42815b85ea
customer_dda815e625,customer,2025-04-10,bank_f4016b7b54
customer_dd27766227,customer,2025-05-12,bank_59c99bcfca
customer_d8673d70b8,customer,2026-04-24,bank_00deab4d1f
customer_1d307f5fa2,customer,2025-02-04,bank_a6dad592aa
customer_5a394aceb3,customer,2026-02-11,bank_3c69e1f2ec
customer_13b4869f70,customer,2025-07-17,bank_c85c4c0022
customer_987a0755e5,customer,2025-10-21,bank_f748324b71
customer_4abc0aefc4,customer,2024-08-22,bank_541bb6fb4c
customer_7b78c48dc9,customer,2024-06-23,bank_60f35ae2b5
customer_bdbbdcd59a,customer,2026-01-04,bank_51cf93e532
customer_b62dd62d2d,customer,2024-12-26,bank_9c7135c9c3
customer_a96e4b71f5,customer,2024-09-03,bank_cecb095162
customer_a123e74ebf,customer,2025-03-06,bank_e9b4963954
customer_e7c481281f,customer,2026-03-17,bank_b6d9de04e4
customer_6f6dc66767,customer,2024-09-01,bank_a48995f8ab
customer_533ff113ee,customer,2024-11-22,bank_2d561a3df5
customer_89a41b0819,customer,2025-12-01,bank_e88bed5620
customer_85b33021c8,customer,2025-10-28,bank_75ec7848f4
customer_6976fc54c8,customer,2024-08-25,bank_b5886be9a3
customer_4d8a24b686,customer,2026-04-11,bank_8e80403341
customer_38c65865a8,customer,2024-06-22,bank_d77f693ce7
customer_dc31216164,customer,2026-02-02,bank_5c8191c4e9
customer_80ef1afade,customer,2024-08-17,bank_72b08d7858
customer_dde405b04f,customer,2025-11-07,bank_4d608d9c81
customer_5969271b35,customer,2024-08-23,bank_edfb76bc68
customer_dc40b13127,customer,2024-07-31,bank_e6f4d1adc9
customer_23deb7db1c,customer,2025-08-03,bank_a8fde30e12
customer_07fbffc547,customer,2025-05-15,bank_e2bb028f72
customer_69b74aeb47,customer,2024-09-03,bank_584c9181f5
customer_b93ef084a1,customer,2025-04-01,bank_beebe757ff
customer_8e800be9d2,customer,2026-04-14,bank_7ff657a667
customer_af24486f56,customer,2025-02-25,bank_443f0789ca
customer_71821de822,customer,2026-01-22,bank_8f848757a4
customer_e8ce9f7bc1,customer,2024-08-09,bank_7164e7146c
customer_de9aee1aa5,customer,2024-11-02,bank_d041841233
customer_96cc8b4930,customer,2024-12-23,bank_deb5e5ee05
customer_4195b97a23,customer,2024-10-25,bank_42804eecf6
customer_b2f2b5a46d,customer,2024-06-05,bank_9d8fdc9570
customer_ef53e8d369,customer,2024-11-12,bank_a26625e3c6
customer_bd46d60278,customer,2026-03-17,bank_ad6e2575a8
customer_fffe097859,customer,2025-09-08,bank_5fa09ee5f1
customer_0005f2a922,customer,2025-04-05,bank_307fee51f3
customer_584623db2f,customer,2024-09-18,bank_8a926572df
customer_e7ed628c3a,customer,2025-12-14,bank_947cb91b37
customer_e11f762d6e,customer,2025-09-04,bank_62b9f0afaa
customer_7bab1f7c36,customer,2024-08-26,bank_4d21578ab3
customer_cb8d0b587f,customer,2025-08-10,bank_e1b3719052
customer_28b28d6064,customer,2026-04-23,bank_e1bc4ed5ce
customer_702fcacaed,customer,2025-12-31,bank_ba9743094a
customer_c7e0218d2e,customer,2025-10-02,bank_2e6370fdec
customer_3054c0042b,customer,2025-03-08,bank_e67dbc13ea
customer_bdf7415957,customer,2025-11-23,bank_1cb4a14bb4
customer_c7f01fa922,customer,2024-09-08,bank_114e100ef2
customer_f547cc936a,customer,2025-02-21,bank_7db907b3a6
customer_3e62565a21,customer,2024-08-12,bank_e8c88a3e7e
customer_5f6b22618d,customer,2025-03-20,bank_1ade7c6ecf
customer_b31209f21f,customer,2024-10-12,bank_66a59fa525
customer_502a230fda,customer,2024-12-22,bank_aa093e1075
customer_e2f9b1f44c,customer,2024-10-09,bank_d2229f2028
customer_ab865b3dde,customer,2025-06-20,bank_e704b96959
customer_f9a7176b4e,customer,2025-03-19,bank_8f719cea4a
customer_3e16103ec2,customer,2024-06-24,bank_a3d0865ad2
customer_6f5cb127c3,customer,2025-01-28,bank_a0f3f69b9f
customer_e1acc54210,customer,2026-01-18,bank_573eff4707
customer_c27ea21542,customer,2025-03-16,bank_d8db1bb72c
customer_9c907a0e0d,customer,2024-08-10,bank_6314d8eea1
customer_87f552b70d,customer,2026-03-08,bank_fd12a8e2ec
customer_9b95b1295a,customer,2024-07-18,bank_66cd095fd7
customer_48eba374cf,customer,2025-12-03,bank_7278b15ae9
customer_8adb9c2c4a,customer,2026-01-30,bank_901f119b36
customer_0a82729a68,customer,2025-09-15,bank_22ac868443
customer_24efa53495,customer,2024-08-15,bank_75466f1fe9
customer_65613fc786,customer,2025-04-02,bank_8e38f2d44e
customer_d177685fe3,customer,2024-06-28,bank_e355f5ddb0
customer_2973eebb07,customer,2024-08-27,bank_da52928ca7
customer_9e724ad559,customer,2024-07-14,bank_2b9b4626df
customer_df7269c31c,customer,2026-04-20,bank_bcf2963a2d
customer_7ea5074810,customer,2024-11-16,bank_3901932458
customer_e3b73fc8ea,customer,2026-03-27,bank_e1ed68a459
customer_133681faa3,customer,2024-11-24,bank_7790f87fa5
customer_33fd4947bf,customer,2025-09-05,bank_6fb2441929
customer_7f896258ca,customer,2024-06-09,bank_bc1990b43a
customer_df11f04b4a,customer,2025-08-29,bank_d0253b8ff2
customer_ff63515ae0,customer,2025-11-20,bank_fd3c01cc83
customer_3a7dd55691,customer,2025-03-17,bank_6f37b59e94
customer_08f212bcb8,customer,2025-03-22,bank_32d3a12886
customer_2a40de7040,customer,2025-10-07,bank_b3e1715ec7
customer_673096642e,customer,2026-02-19,bank_e6e3fcfb7a
customer_e16d57245b,customer,2024-10-05,bank_3bc87f9e25
customer_53d241ce8c,customer,2025-05-10,bank_4b3f6b7210
customer_a0e7c44427,customer,2025-09-11,bank_e694f839ef
customer_42ce2e3163,customer,2025-01-20,bank_8f4330ae81
customer_a3cb8fc1f2,customer,2026-04-26,bank_1c2b778790
customer_df5c54e3ec,customer,2024-11-28,bank_31e43fbe78
customer_691be99a71,customer,2024-12-01,bank_ff53cb4c1b
customer_5e1d9d9f68,customer,2026-01-01,bank_8a4f7c7bae
customer_0b4cb464b4,customer,2024-10-27,bank_8e99d1d27e
customer_8517e8dc1e,customer,2025-02-01,bank_f8e3f155ba
customer_df3fb74790,customer,2024-12-21,bank_cfa43c6f51
customer_1d0acc591a,customer,2025-01-16,bank_c2f955e374
customer_3e50a25680,customer,2024-09-07,bank_c40ea596d2
customer_18a4819154,customer,2026-01-01,bank_101d2c948e
customer_78de0a2d18,customer,2024-07-21,bank_d7b5cd15d8
customer_633a512438,customer,2024-06-06,bank_a31b574922
customer_13d8c06135,customer,2025-06-11,bank_03a3a4e005
customer_ff70b8e124,customer,2024-10-29,bank_443776ed01
customer_870d2e70c0,customer,2025-08-19,bank_ea7682d80d
customer_b20ac0b823,customer,2024-06-10,bank_5991747327
customer_6accbdd34b,customer,2026-02-12,bank_540c861388
customer_0ad4231d4d,customer,2024-12-29,bank_d5dd23b61d
customer_728485ef3c,customer,2024-09-20,bank_9295e7c04e
customer_23b3385061,customer,2024-05-31,bank_6f320f574a
customer_83a055cbc1,customer,2025-10-08,bank_ae968197c9
customer_8b68e759b2,customer,2025-08-02,bank_9b5f06964f
customer_c3ccf090c5,customer,2025-10-05,bank_ec17400fc0
customer_ac1253e265,customer,2026-01-11,bank_0e9af8bc11
customer_885b526b02,customer,2024-06-07,bank_3a7c30f5bf
customer_3936af537a,customer,2024-08-10,bank_107df01553
customer_b52811dd2a,customer,2026-03-18,bank_67ebb04f8e
customer_5d4e290ccb,customer,2025-06-12,bank_72eac2f35e
customer_5e449ab1ae,customer,2025-10-25,bank_08fd782cb6
customer_75da8520c5,customer,2025-07-18,bank_657c01f852
customer_3ef0908afe,customer,2024-09-17,bank_2cc7ce8e0b
customer_acc25fab8a,customer,2024-11-08,bank_074d3a956a
customer_605cf49fca,customer,2024-10-24,bank_bb0b203446
customer_7532e3a96f,customer,2025-05-10,bank_39ad7bcb54
customer_7cb2202a30,customer,2025-11-03,bank_219e8d0a23
customer_651fb8e783,customer,2024-11-16,bank_2ad60098a9
customer_11b136a340,customer,2026-04-22,bank_4f9ba38538
customer_4cfb3c7fed,customer,2025-09-27,bank_819813e07d
customer_6cef00de4d,customer,2025-06-01,bank_a10ee2c35e
customer_43e01cb2bc,customer,2025-08-08,bank_6c99464e23
customer_de2564aadd,customer,2025-08-31,bank_7924662335
customer_6b7bb18d67,customer,2024-08-11,bank_49619c02ca
customer_855b94516e,customer,2024-12-06,bank_22823e750b
customer_14f998d750,customer,2025-02-25,bank_ef203191c8
customer_90ea74c96a,customer,2025-03-16,bank_fd27239352
customer_aa32502dd7,customer,2025-10-28,bank_0a804ae3a7
customer_35e92ebda7,customer,2024-09-18,bank_554784583e
customer_213c0215b6,customer,2025-07-28,bank_399b1c9448
customer_c07a5027bd,customer,2024-10-09,bank_9ac512631e
customer_c9c57c1c7f,customer,2025-10-12,bank_81493637b5
customer_0499e55f79,customer,2025-01-01,bank_47d621cbe3
customer_ad70a28904,customer,2025-11-01,bank_76650ee814
customer_0f532d2f52,customer,2025-12-14,bank_101b7cff8f
customer_b4bcf4f42a,customer,2025-06-11,bank_cc6c674caa
customer_91f2ff9d63,customer,2025-08-17,bank_e8f79a35c1
customer_75e1abf150,customer,2025-03-19,bank_c0e345a835
customer_5dea01093b,customer,2025-11-14,bank_cb16d5fb4a
customer_63e810f0df,customer,2025-08-13,bank_1b5f46a4bc
customer_162e5161f0,customer,2026-01-22,bank_e8d04e4e01
customer_cf2301129d,customer,2025-08-07,bank_6601687cd9
customer_288006543f,customer,2024-10-04,bank_771f4dd1ae
customer_1991bba60d,customer,2026-04-10,bank_43dd67bfc4
customer_978f81da15,customer,2025-05-06,bank_36ce1f120e
customer_4b2710f9ca,customer,2025-10-09,bank_488d4ae7c3
customer_7261dacaa0,customer,2024-07-04,bank_cc9255ee63
customer_56ba6d2c94,customer,2025-11-03,bank_5d23746909
customer_b75adc2a3d,customer,2025-05-02,bank_dbd75f05a5
customer_87a394fef2,customer,2024-11-24,bank_ca26d33021
customer_1374aff9c3,customer,2025-04-05,bank_21a38f20e4
customer_6b34a31bc5,customer,2025-01-11,bank_3b00acc8a4
customer_ca8a62ba03,customer,2025-11-10,bank_25c71aa4e5
customer_954ff7e77e,customer,2025-02-23,bank_83881eaf54
customer_df9386ba79,customer,2025-03-12,bank_e28e5842ae
customer_2f7c1a9f1c,customer,2025-11-16,bank_8a4454cb26
customer_c6d5b208bb,customer,2025-06-13,bank_26427c345d
customer_38da0f5328,customer,2025-07-06,bank_bab3b0ef84
customer_42fae4a6da,customer,2024-07-09,bank_0fee36030c
customer_1c2cf031ba,customer,2025-01-30,bank_64179bb03e
customer_62c0a49b2b,customer,2024-09-06,bank_914908e66e
customer_68c54bc65a,customer,2025-11-10,bank_357cf22f24
customer_78fe1d6335,customer,2025-12-23,bank_2dfdb74c3f
customer_733054e0a8,customer,2024-06-22,bank_d8c7bf8c9e
customer_1ff1ab3e18,customer,2025-09-27,bank_4ff4bc3e9e
customer_4d56cada4b,customer,2026-01-15,bank_74eeb01c69
customer_5e62447408,customer,2025-01-01,bank_0f229fc359
customer_4ad87762b9,customer,2026-04-04,bank_8714f01e9c
customer_6c2abfec32,customer,2024-11-10,bank_2d22fb845c
customer_1ccc015f05,customer,2026-01-14,bank_777046f702
customer_9c3c9b2ac1,customer,2025-11-22,bank_485afa853b
customer_9f3e5943b1,customer,2025-06-18,bank_ecece5cfc0
customer_cfd137aec2,customer,2025-07-14,bank_89a3bd8143
customer_597d1c5e54,customer,2025-12-17,bank_f4141f24dd
customer_ac5ad76fac,customer,2026-04-01,bank_e8480ecd67
customer_af0435bbb6,customer,2025-04-30,bank_1b5a22a1c1
customer_331f0c9361,customer,2024-10-24,bank_a84a6f80f7
customer_d24bfa592f,customer,2024-10-25,bank_76bb08b3e3
customer_96d4af7fd1,customer,2025-01-18,bank_dba3145971
customer_299f573de2,customer,2024-09-30,bank_01080708d9
customer_e99a1bfc3b,customer,2024-07-14,bank_3c2e83700f
customer_e7c589ea8c,customer,2025-06-17,bank_9f13d49bac
customer_cb91c9e36a,customer,2025-09-10,bank_44dbc6da70
customer_00bf68b479,customer,2025-06-19,bank_387f2e9aed
customer_a13ce0233d,customer,2025-11-22,bank_cb1ed27c73
customer_f4f5101f2d,customer,2026-04-30,bank_185038cb99
customer_8aaf056a57,customer,2025-05-13,bank_c9be17fa7d
customer_818f6d69de,customer,2024-10-30,bank_4e41c803e6
customer_3016da1b3b,customer,2024-12-13,bank_913cd0d2ea
customer_7dc2e81ff6,customer,2025-06-28,bank_427603f399
customer_8f7d4cd5e4,customer,2025-07-05,bank_6d994b0972
customer_ec62356226,customer,2024-10-16,bank_4a06aa5c50
customer_a8bdb12b94,customer,2024-10-03,bank_bdd4ccb39f
customer_68766bc3f2,customer,2025-08-18,bank_e85e84dea3
customer_7827fe1f5b,customer,2025-03-27,bank_a70bffc368
customer_284e154a0e,customer,2025-08-04,bank_7312f88bd6
customer_8c996a780c,customer,2024-07-29,bank_97451ed971
customer_c5d7651ca9,customer,2025-07-26,bank_62fa0eb4a5
customer_25557ac465,customer,2024-11-02,bank_b76306e7bf
customer_62da226696,customer,2025-03-04,bank_df519cd92c
customer_a91b53cb3c,customer,2025-12-12,bank_a29e1c5215
customer_17cda6162e,customer,2024-07-17,bank_fdfa15643e
customer_867bc7a38a,customer,2025-01-22,bank_270042ff9b
customer_2974c86f05,customer,2024-08-01,bank_24a311dbc7
customer_e72a33cde5,customer,2025-06-06,bank_4475bb68c9
customer_7d9bddbd0f,customer,2024-10-30,bank_136b41a676
customer_37aaef867b,customer,2026-01-16,bank_9e5964cb80
customer_19e8ff3044,customer,2025-12-23,bank_a69efdf0b2
customer_e43c8c8a5c,customer,2026-04-22,bank_d186ef441c
customer_8751fe02f1,customer,2025-11-27,bank_397ef86e37
customer_24adcbc431,customer,2025-05-15,bank_e5ca437e8a
customer_6978a40e61,customer,2025-04-15,bank_1c0ae13a83
customer_064bf5245c,customer,2025-05-27,bank_404ea63481
customer_8e7cba469c,customer,2026-03-04,bank_bf00c3cb40
customer_ea8062a505,customer,2026-02-16,bank_c2518cc6d1
customer_44bd2274d5,customer,2025-10-27,bank_ab0d8fbf81
customer_3ebad1af06,customer,2025-04-05,bank_f72370d807
customer_4635c50e3a,customer,2025-12-27,bank_2803afde0e
customer_6b24232ea9,customer,2025-08-19,bank_ad7a02e271
customer_872be0dd8b,customer,2025-08-20,bank_d03d3b6964
customer_b1eb06f0a3,customer,2025-01-14,bank_6cedc6e191
customer_ca03b35a9f,customer,2024-11-13,bank_00615ca432
customer_37dc07eedb,customer,2025-03-28,bank_16cb844cb6
customer_946fb6df1e,customer,2025-06-04,bank_1623c35868
customer_4ce6f82a85,customer,2026-03-18,bank_31647b0ba1
customer_2e24a6060f,customer,2025-12-26,bank_026f179835
customer_38ed4c29f5,customer,2024-07-16,bank_298e962699
customer_84af18d463,customer,2026-03-08,bank_eebbab5d08
customer_a2312289f1,customer,2026-01-05,bank_bdf6974153
customer_ba91163e42,customer,2025-06-02,bank_cb05fc225d
customer_e9dd032301,customer,2025-07-22,bank_7f4ddd7255
customer_8a9c3386e9,customer,2025-03-21,bank_c776decb48
customer_07a8a5a3de,customer,2026-04-21,bank_d836fbf2f4
customer_a4de76aa0e,customer,2024-12-30,bank_7766fa2330
customer_f618f66fbf,customer,2026-04-24,bank_edb0f46c76
customer_44b7faaa8b,customer,2026-04-15,bank_6502b0f7ea
customer_f6c06a942a,customer,2026-04-26,bank_6a2b978f76
customer_30813d3b62,customer,2026-04-21,bank_9a63e422d3
customer_967b58b91b,customer,2026-04-21,bank_c6adb9b018
customer_265c1ea706,customer,2026-04-22,bank_c67677294b
customer_0f7b636fc3,customer,2026-04-19,bank_508718edd3
customer_c7d4ef85d0,customer,2026-04-11,bank_890727225e
customer_26be28e7f5,customer,2026-04-29,bank_dd345fda21
customer_0b13d86853,customer,2026-04-12,bank_58d7acc8da
customer_03b94231a2,customer,2026-05-01,bank_e69e1c194f
customer_9cf4dc280d,customer,2026-04-25,bank_499aa94946
customer_be1d62bfb7,customer,2026-04-30,bank_ddc7795c20
customer_4400787453,customer,2026-04-13,bank_42ed0a8b9d
customer_98a0646638,customer,2026-04-24,bank_6253cc3966
customer_9ecc816405,customer,2026-04-11,bank_a7b3003a29
customer_0f9665d525,customer,2026-04-26,bank_b5d506744c
customer_6525672840,customer,2026-04-29,bank_3f2201d59b
customer_58ae15a483,customer,2026-04-18,bank_f368371a29
customer_5a392b5bec,customer,2026-04-27,bank_730bf39702
customer_28188568ce,customer,2026-04-30,bank_dedfc1190d
customer_0ede044656,customer,2026-04-12,bank_2684f17979
customer_54cbdcd9b4,customer,2026-04-14,bank_6bbcde7b1a
customer_bd537c8637,customer,2026-04-20,bank_78ab4b90cf
customer_99bdaf1dc9,customer,2026-04-22,bank_3c4e308542
customer_bb4e0db686,customer,2026-04-23,bank_f9127ac618
customer_ad3ca70ad7,customer,2026-04-30,bank_f816a9f505
customer_a9eca538bb,customer,2026-04-27,bank_198f516eb2
customer_0470042629,customer,2026-04-26,bank_dad4222d12
customer_81ea11a79c,customer,2026-04-12,bank_8709a4cf8b
customer_28cbd9877e,customer,2026-04-16,bank_ca4ba34e90
customer_2843735079,customer,2026-04-19,bank_7b15da190a
customer_02c0c7366d,customer,2026-04-13,bank_7eb613e7c3
customer_4730399613,customer,2026-04-19,bank_aed38279ef
customer_ae71b07b05,customer,2026-04-25,bank_0171783238
customer_7cf508ded0,customer,2026-04-26,bank_4a5e97b17c
customer_5deadec8b0,customer,2026-04-26,bank_5aecfdc565
customer_4346239d2d,customer,2026-04-25,bank_0cf428e28c
customer_99f80a5143,customer,2026-04-12,bank_441d8db26c
customer_66de06aa9f,customer,2026-04-23,bank_04f37d306f
customer_60e7d3ba6f,customer,2026-04-16,bank_fec781731b
customer_49b9c58f9e,customer,2026-04-12,bank_753821300a
customer_ddec4b9aad,customer,2026-04-13,bank_066bc9ff8c
customer_f9ae5837ec,customer,2026-04-17,bank_71996314b4
customer_698aeca592,customer,2026-04-12,bank_d163cf900e
customer_32e0ad2811,customer,2026-04-21,bank_a5152b428f
customer_c9f62eea6b,customer,2026-04-13,bank_0a4771cfdf
customer_f806232936,customer,2026-04-19,bank_f354d2e631
customer_5c40e4797b,customer,2026-04-21,bank_079b378b25
customer_ee49ce4677,customer,2026-04-19,bank_cddc31f79a
customer_360bb8a8da,customer,2026-04-11,bank_2687fc9170
customer_3f100b24b8,customer,2026-04-23,bank_3aa552a2b6
customer_b6035c7cd3,customer,2026-04-21,bank_10483efa54
customer_4d59686ea1,customer,2026-04-18,bank_f5bd4f4a6a
customer_16f545926d,customer,2026-04-28,bank_03ec0d0ec3
customer_37b77542d4,customer,2026-05-01,bank_c73662a57e
customer_70c43561e4,customer,2026-04-24,bank_d62fa4ee6a
customer_af1b051691,customer,2026-04-16,bank_6736dc9a28
customer_a1663e5c83,customer,2026-05-01,bank_889fb94fa1
customer_c13c1f48c2,customer,2026-04-28,bank_585289bb96
customer_b31de3c9c2,customer,2026-04-27,bank_6bd9fd6ff6
customer_099d094ec0,customer,2026-04-12,bank_94d356be06
customer_d9e6734414,customer,2026-04-12,bank_f56160e21e
customer_27a7d3a85d,customer,2026-04-27,bank_ea169974db
customer_de20564c54,customer,2026-04-18,bank_3a542b61bd
customer_dbb0bffb39,customer,2026-04-12,bank_0fd9bc4ab8
customer_97ec77bf63,customer,2026-04-27,bank_0341c633e3
customer_b5a1a72d47,customer,2026-04-22,bank_edaf64f934
customer_e2f4822439,customer,2026-04-27,bank_22b36bc792
customer_f087c73111,customer,2026-04-30,bank_b4c2b5c5a1
customer_f2261b41f9,customer,2026-04-15,bank_a186b8cda0
customer_4d6883715e,customer,2026-04-24,bank_7a7176ea6e
customer_0ed960f23b,customer,2026-04-20,bank_e801a86972
customer_eb1814c148,customer,2026-04-18,bank_e66542ec96
customer_b5d308f644,customer,2026-04-20,bank_2e899747db
customer_2760ece6bf,customer,2026-04-21,bank_07d16d675f
customer_b4e72738c9,customer,2026-04-15,bank_27e4b940ee
customer_ad4b028614,customer,2026-04-25,bank_59961089a1
customer_9c5e75547d,customer,2026-04-13,bank_9935fd7e73
merchant_c0add14608,merchant,2026-04-21,bank_f84a6046d8
merchant_1a80903d20,merchant,2026-04-19,bank_d9eb5f96ac
merchant_f9b4900483,merchant,2026-04-18,bank_06b700f440
merchant_652c0d6a9a,merchant,2026-04-14,bank_1c30e5987b
merchant_b486df666d,merchant,2026-04-21,bank_143a693215
merchant_1a44172bc3,merchant,2026-04-24,bank_82f5fa5ee0
merchant_441826b109,merchant,2026-04-22,bank_2a96c2ef65
merchant_2b741e4369,merchant,2026-04-30,bank_6a379c3a73
merchant_eea28dee9d,merchant,2026-04-12,bank_e572afa155
merchant_b23a381349,merchant,2026-04-17,bank_9d10575720
merchant_ca9c06d772,merchant,2026-04-19,bank_0ab8dce6be
merchant_18352e6a9a,merchant,2026-04-24,bank_2652c46456
merchant_9b00e53d14,merchant,2026-04-15,bank_e3df63f341
merchant_48356a49fb,merchant,2026-04-28,bank_68ed850342
merchant_44e79fec75,merchant,2026-04-13,bank_014d2bb794
merchant_0c009beab3,merchant,2026-04-14,bank_bd829469e7
merchant_313010dd2b,merchant,2026-04-23,bank_6c0401ac9a
merchant_39ecff0fde,merchant,2026-04-26,bank_4ddf2c5a57
merchant_6c7677e296,merchant,2026-04-15,bank_83e1379ac0
merchant_fa2279e3e4,merchant,2026-04-24,bank_ae5a646484
merchant_dda2c7766c,merchant,2026-04-17,bank_8d8b8c2898
merchant_2a49b1508e,merchant,2026-04-26,bank_d559bebbdd
merchant_445750134b,merchant,2026-04-15,bank_e374a7fad2
merchant_143f8309d0,merchant,2026-04-20,bank_bb1069eb51
merchant_961039df54,merchant,2026-04-18,bank_1a0a221317
merchant_899a0b5d7b,merchant,2026-04-30,bank_5e1ef51d79
merchant_33b7e12df7,merchant,2026-04-25,bank_8cf3c100a2
merchant_15ae473de1,merchant,2026-04-13,bank_bd38d822f9
merchant_8e826ae497,merchant,2026-04-30,bank_7d98c4c079
merchant_3168b8abf8,merchant,2026-04-17,bank_1b166e3b82
customer_9be9f26d8a,customer,2026-04-29,bank_ead4d5b06a
customer_ab16a414b1,customer,2026-04-26,bank_61eb7ee9c0
customer_abd9c970a4,customer,2026-05-01,bank_bfa2994785
customer_d01e615365,customer,2026-05-01,bank_9515d96cb0
customer_00ca687242,customer,2026-04-27,bank_1119b50fff
customer_3e78791153,customer,2026-04-30,bank_286a73e473
customer_b09dc70f7c,customer,2026-04-14,bank_8a4ccec14f
customer_3f950cb3a3,customer,2026-04-20,bank_6b799ce64a
customer_86776820d2,customer,2026-04-28,bank_63a32d3e62
customer_ce6eb622de,customer,2026-04-11,bank_769ec762f7
customer_6e44b15644,customer,2026-04-11,bank_393d8fb0c3
customer_b7516bb90f,customer,2026-04-22,bank_2586987ca2
customer_e97c0e45f4,customer,2026-04-30,bank_e9635f603e
customer_612bbf8019,customer,2026-05-01,bank_9076674bf6
customer_57bdef7dfc,customer,2026-04-29,bank_731702ce2f
customer_414e31bfa0,customer,2026-04-13,bank_92699ad388
customer_b43aa04710,customer,2026-04-29,bank_2103f7d5e5
customer_8999178f0a,customer,2026-04-23,bank_db0f296a9a
customer_14fd30168a,customer,2026-04-21,bank_d46662d411
customer_0bc05bbb5a,customer,2026-04-25,bank_89291eab13
customer_a94c271b1d,customer,2026-04-14,bank_034aae3c2a
customer_fbadb68cc3,customer,2026-04-18,bank_ac23d1bcb7
customer_bcba3d5c19,customer,2026-04-20,bank_6faa675acf
customer_5da2855ae0,customer,2026-04-13,bank_83f8deace3
customer_6ac01fbd93,customer,2026-04-28,bank_bc0857f058
customer_4aacbf443a,customer,2026-04-29,bank_0d44fe57c7
customer_87116233cf,customer,2026-05-01,bank_7e9384af6d
customer_90b2a5d6b8,customer,2026-04-23,bank_ad487bba0f
customer_b046626ad4,customer,2026-04-27,bank_2dd18f5255
customer_c08d7cce87,customer,2026-04-20,bank_90bc43ce00
customer_0959e1272f,customer,2026-04-24,bank_e26bac91c9
customer_695246cad5,customer,2026-04-11,bank_7125db61bf
customer_6e19746ddd,customer,2026-04-13,bank_b8af6baba7
customer_7a46cc4e22,customer,2026-04-28,bank_ffafeb5cdd
customer_735c216927,customer,2026-04-17,bank_1021397d7a
customer_6c0fc5b885,customer,2026-04-18,bank_5c6f131994
customer_88ee668d7b,customer,2026-04-29,bank_0a381fcd21
customer_64c3684ff2,customer,2026-04-23,bank_a4d13f2f22
customer_647c80e459,customer,2026-04-14,bank_c3099c4be3
customer_dce336b5f7,customer,2026-04-11,bank_45445f34d4
customer_680b4835a9,customer,2026-04-30,bank_5ffc0ab4e7
customer_5780af991e,customer,2026-04-27,bank_272a88e4ed
customer_af64869b23,customer,2026-04-28,bank_9164e4ef3b
customer_9b497e53ce,customer,2026-04-15,bank_9788d65da7
customer_938518a8b9,customer,2026-04-18,bank_65eb1180ce
customer_e7f2b7a231,customer,2026-04-22,bank_f896bc2ea5
customer_7cb582b3d2,customer,2026-04-25,bank_b647a451d9
customer_193d9ea44a,customer,2026-04-12,bank_384b840f18
customer_067882e434,customer,2026-05-01,bank_d86ab7b10c
customer_c1841d9a49,customer,2026-04-26,bank_993022ee96
customer_da505dc1aa,customer,2026-04-24,bank_2b0c663f05
customer_c21d8f80b2,customer,2026-04-15,bank_b304169605
customer_518081aa65,customer,2026-04-25,bank_0d02e63194
customer_e26bd33a90,customer,2026-04-17,bank_eeebf9af24
customer_e11e08ffaf,customer,2026-04-22,bank_556e3f381d
customer_a1321dc2db,customer,2026-04-11,bank_d051e4cb07
customer_a925de6d09,customer,2026-04-15,bank_6f0bf24044
customer_1350808248,customer,2026-04-21,bank_5d509f7a52
customer_0121bf67e3,customer,2026-04-26,bank_c322d74795
customer_3e88144f47,customer,2026-05-01,bank_ffe9da736c
customer_b46d1f35ac,customer,2026-04-22,bank_68d25b8194
customer_0ed5310cf7,customer,2026-04-23,bank_e7b62526ba
customer_e43bdf90af,customer,2026-05-01,bank_1eb73b15b6
customer_d67a1eb212,customer,2026-04-11,bank_fcc6d51ebe
customer_f2d9b67a36,customer,2026-04-13,bank_11d7f34991
customer_7226c2e997,customer,2026-04-26,bank_b64e35edeb
customer_f83df6c486,customer,2026-04-13,bank_6dc810226a
customer_7bb42c8562,customer,2026-04-26,bank_dda033ac8f
customer_7b1885f60e,customer,2026-04-12,bank_14ae8ad930
customer_b83c266fe9,customer,2026-04-28,bank_b61e9f2eca
customer_ef7bde24df,customer,2026-04-26,bank_8c2284546e
customer_ca557b6916,customer,2026-04-26,bank_118ce7cc6d
customer_f568454925,customer,2026-04-19,bank_3840f9b529
customer_9bb97390e5,customer,2026-04-28,bank_439ba5d763
customer_e352614d36,customer,2026-04-29,bank_6476367aa3
customer_62aa50bd04,customer,2026-04-18,bank_606549cd59
customer_6f026685c7,customer,2026-04-19,bank_ed6450e744
customer_9f062836e3,customer,2026-04-23,bank_733bda4cfb
customer_45641a911a,customer,2026-04-15,bank_b4adafd720
customer_c47b11bc25,customer,2026-04-22,bank_ddf1010afa
customer_b9a0be0c5f,customer,2026-04-25,bank_2916cb24b2
customer_0f1144fb13,customer,2026-05-01,bank_979891a3b4
customer_90636744ff,customer,2026-05-01,bank_67168f8db0
customer_97e09fb5a1,customer,2026-05-01,bank_d3e40af650
customer_f80f9627d5,customer,2026-05-01,bank_e86b1bddcf
customer_2db3a13ba3,customer,2026-05-01,bank_82a23a4f28
customer_9a182613e0,customer,2026-05-01,bank_28d95ead48
customer_7cab7f7791,customer,2026-05-01,bank_45397ce6af
customer_d2a70673f1,customer,2026-05-01,bank_5166c1aaad
customer_9f36b96d5c,customer,2026-05-01,bank_7c85d44bbc
customer_83f0530e5f,customer,2026-05-01,bank_833bf2e8ea
customer_3ce96e43bc,customer,2026-05-01,bank_c58e81ede1
customer_2c67c84b33,customer,2026-05-01,bank_3ef3969b0b
customer_d00622b8a3,customer,2026-05-01,bank_dbe288923a
customer_39536178c0,customer,2026-05-01,bank_8d12928dee
customer_6fb3294132,customer,2026-05-01,bank_6118fad44c
customer_ed7641d045,customer,2026-05-01,bank_1195e53725
customer_bd60c58289,customer,2026-05-01,bank_1a2442793e
customer_ea07787818,customer,2026-05-01,bank_da54263e4d
customer_d9c61fea85,customer,2026-05-01,bank_44dfa383a3
customer_f3c20eff98,customer,2026-05-01,bank_50dffede47
customer_fc381834a9,customer,2026-05-01,bank_b306236741
customer_87a0a3c669,customer,2026-05-01,bank_2925257f09
customer_b6a58ea837,customer,2026-05-01,bank_763fa0dbdf
customer_6997948514,customer,2026-05-01,bank_8fe582bbc4
customer_5134373a7d,customer,2026-05-01,bank_c34de9c50b
customer_0465a2fc63,customer,2026-05-01,bank_e646566ae9
customer_ca3b5d1792,customer,2026-05-01,bank_7977f21be8
customer_90689dff33,customer,2026-05-01,bank_c1130dcdbf
customer_bd8d8c4484,customer,2026-05-01,bank_8b6b562fb7
customer_4bf1e0d97e,customer,2026-05-01,bank_9ff3e4bb66
customer_3733a0e481,customer,2026-05-01,bank_8959975605
customer_b98bba9e3d,customer,2026-05-01,bank_1c3859fcd2
customer_bf26117244,customer,2026-05-01,bank_149315bc27
customer_386b13b8ac,customer,2026-05-01,bank_6b530a6a00
customer_98d4119a46,customer,2026-05-01,bank_18c6cb821c
customer_83a3cb9f71,customer,2026-05-01,bank_89b8794a2d
customer_4434701aa0,customer,2026-05-01,bank_b3e15dc57e
customer_ce82f93368,customer,2026-05-01,bank_1ef4f9d8a4
customer_1ac388e8af,customer,2026-05-01,bank_abac700685
customer_33afa8e101,customer,2026-05-01,bank_2c94e9f7a2
customer_dc66111c87,customer,2026-04-15,bank_113490c885
customer_e21f67cc8c,customer,2026-04-12,bank_847aa27339
customer_bb2c7c2572,customer,2026-04-13,bank_c1a89ff573
customer_60cdcdfbe2,customer,2026-04-16,bank_8e9fcef6da
customer_a1d1e80346,customer,2026-04-24,bank_70c4da07e3
customer_eb715bd0db,customer,2026-04-29,bank_8cd907d74d
customer_67564787b6,customer,2026-04-20,bank_266eb26023
customer_e438f23a05,customer,2026-04-27,bank_abecd2799a
customer_2ca2ae2e47,customer,2026-04-21,bank_270f866199
customer_141f628a30,customer,2026-04-24,bank_146e82aa3b
customer_4a4e00d855,customer,2026-04-14,bank_4cb427367b
customer_fe57aaa7cc,customer,2026-04-30,bank_af6185556e
customer_f479bc4ee5,customer,2026-04-26,bank_948df16647
customer_59a458ed0c,customer,2026-04-15,bank_28184026af
customer_5a6e03f2a8,customer,2026-04-29,bank_ea917f0e7e
customer_83b55872f3,customer,2026-04-13,bank_660ed206f9
customer_54c4fa4f1c,customer,2026-04-29,bank_c0636633c2
merchant_45e5bc7082,merchant,2026-04-20,bank_ac3b7fcaf0
merchant_feb0511c93,merchant,2026-04-19,bank_075bf7d3b7
merchant_d2ce92df14,merchant,2026-04-20,bank_6c5924bcc8
merchant_4e6eb32208,merchant,2026-04-16,bank_bfff0fe2fd
merchant_7099f739eb,merchant,2026-04-19,bank_2948f941f9
customer_b6b4493344,customer,2026-04-30,bank_a217dbd0cd
customer_5ce1b028c8,customer,2026-04-11,bank_4a92b46855
customer_a37bd436be,customer,2026-04-24,bank_5ee69f8505
customer_6d5dd74b3a,customer,2026-04-16,bank_13b9a739ee
customer_6674d12a10,customer,2026-04-20,bank_6260d50611
customer_050a4863bc,customer,2026-04-16,bank_a61cc761ba
customer_e1778abaab,customer,2026-04-12,bank_7757912912
customer_19d4814e03,customer,2026-05-01,bank_d984940f1a
customer_964d7a1901,customer,2026-05-01,bank_fbd1da22e1
customer_91498e59cf,customer,2026-05-01,bank_dbea0164a7
customer_60de9fd388,customer,2026-05-01,bank_f673ddb832
customer_4fea3debc9,customer,2026-05-01,bank_edb8e18dac
customer_655a287666,customer,2026-05-01,bank_f90a989a84
customer_1a79e0e304,customer,2026-05-01,bank_0cd82a344f
customer_114f412ae7,customer,2026-05-01,bank_0417a006c6
customer_97e70616ab,customer,2026-05-01,bank_d378aa5a8d
customer_190480ad96,customer,2026-05-01,bank_74fba45ba3
customer_691bd3002a,customer,2026-05-01,bank_1fd54f7e97
customer_3fdc41bd6d,customer,2026-05-01,bank_3903e0e386
customer_9c149f4228,customer,2026-05-01,bank_9a94558761
customer_32b80f1b97,customer,2026-05-01,bank_6cfd955e58
