account_id,account_type,created_date,bank_account_id
merchant_76f4c422c1,merchant,2024-06-16,bank_34afd49fd8
merchant_d297bc5cb8,merchant,2025-07-25,bank_a5b03b9a5e
merchant_ef67567a32,merchant,2024-05-09,bank_e949527bfc
merchant_1e82b251fb,merchant,2026-01-02,bank_9f00838ca8
merchant_43683671a7,merchant,2026-03-02,bank_85826a5313
merchant_dea115b177,merchant,2025-08-06,bank_5c23750d54
merchant_e02f69a9e6,merchant,2024-09-04,bank_0c8849339e
merchant_dac725aa98,merchant,2024-04-13,bank_4bd9f8895e
merchant_ced987d1b7,merchant,2025-08-19,bank_9caf4cdb9a
merchant_611fe2c7a4,merchant,2025-06-21,bank_aeb5de87e6
merchant_0ef04a24d3,merchant,2024-02-14,bank_a980e296cc
merchant_5c0e0ad16a,merchant,2024-04-17,bank_d710f9153f
merchant_0b88e5deed,merchant,2025-06-21,bank_74ad49b7a0
merchant_955d0ef58c,merchant,2024-02-10,bank_ee2d8a7db3
merchant_bd19748043,merchant,2025-12-28,bank_0a837867b7
merchant_50642a5ba3,merchant,2025-03-30,bank_b867c23271
merchant_533b76f79e,merchant,2025-07-05,bank_9344b2230a
merchant_32dfd968a8,merchant,2024-12-17,bank_a7ab9e9c42
merchant_e6bfedf8d3,merchant,2025-06-05,bank_6e5a9a4aa6
merchant_85a984a4af,merchant,2024-07-07,bank_484007c2cd
merchant_ade4dd935e,merchant,2025-09-17,bank_99dc66ce14
merchant_d8d6fd44ca,merchant,2026-02-14,bank_7b8b2263d5
merchant_d2a420d1e1,merchant,2026-01-10,bank_989c39946c
merchant_324aaa2dbd,merchant,2025-03-08,bank_4c104e9668
merchant_486ade3696,merchant,2024-06-20,bank_ef7c96a4cd
merchant_3f868a4ae4,merchant,2025-03-18,bank_e6f70f45db
merchant_4d17ecbefa,merchant,2024-04-13,bank_6626749f21
merchant_d8c9eefdde,merchant,2025-10-08,bank_1bff824628
merchant_490ebaa434,merchant,2025-10-16,bank_693eb4aa56
merchant_a2c8cb3913,merchant,2025-06-29,bank_f99ea998d9
merchant_75d03a8a4f,merchant,2024-09-08,bank_b4aa043142
merchant_023afeeaae,merchant,2025-05-04,bank_b7b4dd639d
merchant_411e45354b,merchant,2025-08-10,bank_fe275e89dc
merchant_4ee0c40a7c,merchant,2023-12-29,bank_a64d01dfba
merchant_f196143ae3,merchant,2026-01-24,bank_cfdd60157b
merchant_ad651512db,merchant,2025-05-14,bank_ac1eee5aec
merchant_ecb73ddf74,merchant,2025-02-20,bank_5be4de55df
merchant_044b057689,merchant,2025-07-04,bank_f8d85e667d
merchant_bfd50c3962,merchant,2024-09-27,bank_4738ecf3cb
merchant_2c618d37b1,merchant,2025-01-18,bank_86ee668997
merchant_13373ed8f6,merchant,2025-03-27,bank_d7aff03d06
merchant_62eaba69ed,merchant,2024-11-12,bank_6924517fb2
merchant_83ff3f8c24,merchant,2025-12-10,bank_924ea87259
merchant_db2782bfe6,merchant,2025-10-20,bank_9892673359
merchant_12015ab83d,merchant,2024-07-30,bank_2693c18e81
merchant_853ef13172,merchant,2024-07-30,bank_c7dda9e11d
merchant_325fbc115b,merchant,2025-07-18,bank_ccb1616b9e
merchant_b838aaae4b,merchant,2024-03-24,bank_ecb138b074
merchant_da0a454260,merchant,2024-02-23,bank_a75e4e86ea
merchant_856077ba67,merchant,2025-04-18,bank_32bfa8ff79
merchant_366b4dc189,merchant,2025-01-11,bank_cc864da81d
merchant_fd17259e8e,merchant,2026-03-29,bank_5df0375beb
merchant_cfd1e174ba,merchant,2025-07-06,bank_74a3d2faa0
merchant_a2c7c07d5a,merchant,2024-10-29,bank_42b71e608f
merchant_cee52efb18,merchant,2025-05-31,bank_ddf40c3fbb
merchant_94d1495eb7,merchant,2024-07-17,bank_f0dc9c4190
merchant_5cc7ba6730,merchant,2025-03-15,bank_ada337e6ab
merchant_e05dad4b44,merchant,2024-07-27,bank_7538a20703
merchant_d651598108,merchant,2025-12-08,bank_5d68b71975
merchant_325eb59299,merchant,2025-07-30,bank_93578d7433
merchant_ac96661998,merchant,2026-01-11,bank_1670605f04
merchant_cb7969f12a,merchant,2024-02-13,bank_a2133432e1
merchant_c0ad205b97,merchant,2025-11-21,bank_f4366f9e0e
merchant_96f8cb5c52,merchant,2024-09-16,bank_bb1ba3b7fc
merchant_68cc317692,merchant,2025-01-23,bank_7800b41cda
merchant_9c64f4ff54,merchant,2024-02-18,bank_81b6a2f9c8
merchant_ce1b94d956,merchant,2025-09-08,bank_8fada6b6ad
merchant_b141561ac1,merchant,2025-02-17,bank_13f692232a
merchant_d8254dfea6,merchant,2024-10-19,bank_9202596835
merchant_8db660416b,merchant,2025-07-22,bank_749414629a
merchant_b84d3845c0,merchant,2026-03-11,bank_38d1037c82
merchant_51d06975f4,merchant,2025-08-19,bank_3ab009d424
merchant_2a0753d027,merchant,2024-04-07,bank_b8da8e5580
merchant_733d7ed921,merchant,2025-08-10,bank_ae4f6a4cad
merchant_16b0021c3d,merchant,2025-04-28,bank_5ce481e41e
merchant_324238fca7,merchant,2025-08-01,bank_57d25b7968
merchant_ac4b0da892,merchant,2025-08-25,bank_57979576eb
merchant_6ba764d891,merchant,2024-03-22,bank_3169e5809e
merchant_8d998bbafd,merchant,2024-01-19,bank_5e2ed7e728
merchant_9e183bbb0f,merchant,2025-09-19,bank_683b3aca85
merchant_44d93abf2e,merchant,2024-05-27,bank_301e1b2e77
merchant_46cf9b4497,merchant,2025-01-23,bank_2ba9437bc4
merchant_cc6fee2e1c,merchant,2024-03-16,bank_854cf66189
merchant_892535c781,merchant,2024-06-09,bank_167ec56976
merchant_ca0ed210fc,merchant,2025-02-13,bank_a1e6f37013
merchant_c740560691,merchant,2024-01-03,bank_628ee61d9e
merchant_6a9502a23d,merchant,2025-09-17,bank_5772351eb6
merchant_48ac7c6bc1,merchant,2024-12-28,bank_8751e187c7
merchant_c58057df5d,merchant,2025-09-26,bank_696fc2c376
merchant_bca564a588,merchant,2025-07-20,bank_68eedcf6ed
merchant_4ae86f173b,merchant,2025-12-22,bank_82a575cb3f
merchant_70ed0353f4,merchant,2024-09-25,bank_c6a3c479a8
merchant_537138f4c1,merchant,2025-02-09,bank_049dda3bcc
merchant_a1f9588279,merchant,2025-08-26,bank_eb4386f270
merchant_8bc46c1333,merchant,2025-03-09,bank_c0ed0e78f3
merchant_bb6c951fad,merchant,2025-07-04,bank_4741760408
merchant_36ef0ff080,merchant,2025-01-23,bank_4ad027c49a
merchant_fa2c68084b,merchant,2024-05-24,bank_9ca3f46a8b
merchant_3852ea0b38,merchant,2025-10-25,bank_146b157280
merchant_9ab8cdfd4e,merchant,2024-08-16,bank_6d43236abd
merchant_58c5791f98,merchant,2024-02-26,bank_e2f8e6bb1c
merchant_5956ea0b3a,merchant,2026-02-09,bank_15d447ddae
merchant_fa3a834e07,merchant,2024-10-05,bank_6f1d36cf18
merchant_b59848d3e4,merchant,2024-10-28,bank_5defc15314
merchant_0ccf8541a4,merchant,2026-01-21,bank_c9b6576412
merchant_d7a2b30fcd,merchant,2024-05-10,bank_918c5b5129
merchant_c0c49e7c67,merchant,2025-11-30,bank_f4519c5a1a
merchant_2c463a4144,merchant,2024-08-17,bank_61682ec855
merchant_95ce7c70a3,merchant,2026-01-08,bank_cbadf46498
merchant_09aa97b8e1,merchant,2024-08-12,bank_2e18619c7f
merchant_0a759fba8d,merchant,2025-07-08,bank_699e1d89cb
merchant_189590e44c,merchant,2024-03-29,bank_d02eeae932
merchant_43e006ed25,merchant,2025-07-04,bank_6a2ac4f22a
merchant_de2196e214,merchant,2024-05-14,bank_a4244addfd
merchant_394ec94dc9,merchant,2024-02-22,bank_2b06644e77
merchant_4df6b3ea10,merchant,2024-07-04,bank_954641c7c5
merchant_890b0a63d4,merchant,2024-09-28,bank_43ec0ad690
merchant_17b5b8353a,merchant,2025-07-04,bank_e77cfc37a5
merchant_3aed1a1018,merchant,2026-01-21,bank_d47f1774db
merchant_744e3748c6,merchant,2025-06-14,bank_89d1c89939
merchant_32eb3672fa,merchant,2023-11-30,bank_656138f648
merchant_ebade428c8,merchant,2024-10-07,bank_cb5c111be6
merchant_f7f4f2e784,merchant,2025-05-30,bank_e808fde639
merchant_7f30175a00,merchant,2025-07-05,bank_6cf54ed0de
merchant_ee88ba247c,merchant,2025-10-24,bank_36f37eb5af
merchant_d92eb7c910,merchant,2025-04-15,bank_104fa0413b
merchant_76b019d0fc,merchant,2024-06-21,bank_d8a3c4fb64
merchant_f514c9c4ab,merchant,2025-07-18,bank_46835737dd
merchant_df71fddb9b,merchant,2024-06-21,bank_54b369e22e
merchant_160be4fe9a,merchant,2026-03-29,bank_81b091d2ee
merchant_9b320559e1,merchant,2024-06-18,bank_af871d8af7
merchant_bdfba2586c,merchant,2024-09-14,bank_95dba293c7
merchant_d5f15c6e58,merchant,2024-09-04,bank_0ababe2fc2
merchant_40d6e311f3,merchant,2024-04-24,bank_d690e1f7d7
merchant_21ccf76238,merchant,2026-02-24,bank_b4409d7a32
merchant_d381f47163,merchant,2024-09-13,bank_482214733c
merchant_e12ce22d94,merchant,2025-05-21,bank_dccab65f49
merchant_24af49b9b5,merchant,2025-08-29,bank_59ba84473e
merchant_1a265cc161,merchant,2024-05-19,bank_cf716990e9
merchant_f8c429050e,merchant,2025-02-09,bank_7afbe8fafc
merchant_c01d575bcb,merchant,2025-08-02,bank_152bf390d4
merchant_dd24fb8842,merchant,2025-02-03,bank_f83779a3c9
merchant_a509e8ecfd,merchant,2024-03-08,bank_54cc770f17
merchant_1a5878be89,merchant,2024-01-01,bank_2b5f683768
merchant_b8ff5fc6f0,merchant,2025-07-02,bank_5e7c2c57e1
merchant_26008825c7,merchant,2025-12-12,bank_2049fea40e
merchant_1e07d84c27,merchant,2024-12-06,bank_8081166615
merchant_c82d941c45,merchant,2025-04-08,bank_d18fdfff87
merchant_3ae8a35653,merchant,2025-08-16,bank_5e17cf581e
merchant_83a89dc02d,merchant,2025-02-17,bank_303e9e9e49
merchant_b6170be848,merchant,2026-01-20,bank_8b041cc0c5
merchant_cb0179f3fc,merchant,2025-04-07,bank_c535ba2015
merchant_b26d020843,merchant,2025-02-16,bank_ed9431da40
merchant_dcf26616ec,merchant,2025-12-04,bank_04088d8c2d
merchant_2bce77b231,merchant,2024-08-15,bank_d0c0871db3
merchant_dc991fd385,merchant,2024-07-30,bank_fe63e85d51
merchant_3ee2e7f298,merchant,2024-03-16,bank_485be6475f
merchant_5715fafa28,merchant,2024-07-20,bank_ce8a6a65ea
merchant_a667ea9332,merchant,2024-08-19,bank_e2169fec3f
merchant_2464ee870a,merchant,2026-02-15,bank_3975e7b816
merchant_2e1647af61,merchant,2026-03-31,bank_bff4e3f464
merchant_1e805c6145,merchant,2024-04-28,bank_56a8dc23c1
merchant_d3e34e9153,merchant,2025-09-12,bank_62dd0ac00e
merchant_fdf482d88a,merchant,2025-04-28,bank_c585efc9e8
merchant_ce5f256b89,merchant,2024-05-22,bank_7b3b71cb69
merchant_7df81a745c,merchant,2025-05-29,bank_3a62cf42c1
merchant_46c17728e3,merchant,2024-05-19,bank_2ac9b71bc4
merchant_8ff8941e6e,merchant,2025-02-13,bank_fec5109d48
merchant_e97935ae30,merchant,2024-09-11,bank_ca7840db50
merchant_716c4ba9f4,merchant,2024-05-21,bank_74d3405f85
merchant_f383cc3b6b,merchant,2024-02-25,bank_ab204330c1
merchant_ef7513cff9,merchant,2024-08-27,bank_e745fd1491
merchant_b7e262fd9b,merchant,2024-09-17,bank_040b07dc22
merchant_661a0a6577,merchant,2025-06-12,bank_e1139fe855
merchant_cef39cb6b5,merchant,2024-01-18,bank_3a224639ea
merchant_9c7d921504,merchant,2024-05-31,bank_2e44cddf75
merchant_405392bc43,merchant,2025-01-04,bank_1bfdbb5ddc
merchant_2dd34936eb,merchant,2024-10-25,bank_cd4c436e30
merchant_3d1cfd6854,merchant,2024-05-27,bank_9437b193f6
merchant_470da00bc5,merchant,2024-10-21,bank_51cd87517f
merchant_25161a1ff4,merchant,2025-12-27,bank_45ef0ce870
merchant_e5219bc68f,merchant,2024-05-13,bank_55080c0e85
merchant_ab7d121bb0,merchant,2023-12-28,bank_3f0548a8cd
merchant_92a0b6c958,merchant,2025-07-25,bank_99c96d8b3e
merchant_a7deeaa623,merchant,2025-02-01,bank_ac82dcb4cc
merchant_ac01143fca,merchant,2025-09-14,bank_b741e3c724
merchant_c1bcca8fe5,merchant,2025-03-04,bank_3e8c6bf225
merchant_30fc98f4d9,merchant,2025-07-26,bank_6898dcf0e2
merchant_5761853a76,merchant,2024-04-27,bank_05e65c6366
merchant_0278c56351,merchant,2024-01-25,bank_bded632a2b
merchant_9188f57201,merchant,2023-12-30,bank_a2e92daea8
merchant_2d02e31287,merchant,2024-12-12,bank_108881083d
merchant_4bd651109d,merchant,2023-11-15,bank_a9745fac6c
merchant_ed1c7ea31d,merchant,2024-05-18,bank_a5d9d96cf8
merchant_2e4386ad3a,merchant,2024-07-31,bank_a2218646a1
merchant_9f98f80760,merchant,2023-12-19,bank_70ddfc3e60
merchant_cc11440920,merchant,2024-12-31,bank_a56674ff0b
merchant_c513d2154c,merchant,2024-12-27,bank_31fa1ac41a
merchant_15b3fc049a,merchant,2025-06-22,bank_90ac74c83b
merchant_6fede9cdbb,merchant,2024-11-21,bank_1a99e62df8
merchant_8f62609182,merchant,2025-01-06,bank_f11208a1e5
merchant_c8012c859d,merchant,2025-08-04,bank_b88e377544
merchant_250cceea1f,merchant,2024-09-25,bank_6572549a28
merchant_6f8eee3724,merchant,2025-08-08,bank_03cbf60d87
merchant_cf021dbdf2,merchant,2025-10-27,bank_45bbc3f01c
merchant_38ac51e48e,merchant,2025-02-01,bank_75404be342
merchant_27fb2f26d0,merchant,2024-12-10,bank_1f060d6f67
merchant_4c3825cf10,merchant,2025-02-27,bank_8b65e1361e
merchant_6bb58eccd5,merchant,2024-04-19,bank_2342cab2eb
merchant_d031106595,merchant,2025-03-08,bank_5627b9531a
merchant_44da52fd7d,merchant,2025-04-06,bank_ebe3ec4c8c
merchant_011f830b5f,merchant,2023-11-28,bank_6f4af74c1f
merchant_7e7416d2f7,merchant,2024-02-26,bank_36f99c2893
merchant_72eb223a0d,merchant,2024-01-03,bank_e7dacc2f94
merchant_0b5d8d9c69,merchant,2025-08-20,bank_f63c843bdd
merchant_6d0b603795,merchant,2024-11-20,bank_eeb4b42ddc
merchant_2e98c6b422,merchant,2025-04-22,bank_4346466eb3
merchant_c6e2221b45,merchant,2024-01-05,bank_fa6c1e4a80
merchant_5a413195b9,merchant,2025-10-14,bank_225aeea475
merchant_65cc380297,merchant,2024-10-02,bank_f7f49e4690
merchant_49825407f0,merchant,2024-09-01,bank_5a3f2cc72b
merchant_d825833979,merchant,2024-06-12,bank_866bbeb663
merchant_8129574282,merchant,2024-12-15,bank_17861fe8fa
merchant_1c18792c31,merchant,2025-05-01,bank_cd88d875ee
merchant_bdca485ba3,merchant,2024-02-12,bank_e0686bc20a
merchant_4bab3e52cc,merchant,2024-02-21,bank_44ae50281d
merchant_17d903b3fa,merchant,2024-12-06,bank_e16cbf6bc0
merchant_c9d63dba04,merchant,2025-04-08,bank_75ff3bf590
merchant_debc8cd22a,merchant,2026-01-21,bank_e598440903
merchant_3fc13ce232,merchant,2026-02-19,bank_f8b1687035
merchant_f1f63b1fd4,merchant,2025-07-22,bank_cf610d0066
merchant_4b77d1b94d,merchant,2024-07-04,bank_e89dd42beb
merchant_697640aec9,merchant,2024-12-03,bank_9bf0d6df0f
merchant_acd032c078,merchant,2024-12-11,bank_ebca1fa0ff
merchant_ffc2644133,merchant,2025-10-12,bank_4abd8f63b3
merchant_1813777cd7,merchant,2025-12-05,bank_87bf923cb3
merchant_bef02b97e4,merchant,2025-12-12,bank_3d6af81fe6
merchant_40cea7e200,merchant,2024-08-20,bank_7e648fd48f
merchant_22e6ffc7e7,merchant,2024-03-30,bank_9e543637fe
merchant_e15b7c92ee,merchant,2024-08-03,bank_30445571d6
merchant_878f4d1af0,merchant,2024-04-18,bank_c0c241aa7d
merchant_7b8f5fa9d7,merchant,2023-11-13,bank_8cff90a315
merchant_7faaeacb31,merchant,2023-12-29,bank_0b3f341517
merchant_9d280af352,merchant,2025-04-11,bank_22c75ca7eb
merchant_0b660dd7eb,merchant,2024-05-24,bank_3b2f7b095b
merchant_a60d27c393,merchant,2026-03-20,bank_671ebf6442
merchant_58f628b832,merchant,2025-12-14,bank_c1310d9a18
merchant_8837311e26,merchant,2024-06-20,bank_171e54f097
merchant_13a8b8143c,merchant,2024-04-07,bank_06b5bf2e7f
merchant_3cae68357c,merchant,2025-10-03,bank_631313d649
merchant_3beb97db4e,merchant,2023-12-26,bank_8df3bbc7ca
merchant_dab07a9d8f,merchant,2024-12-11,bank_026e0c6e32
merchant_015ae2a9e7,merchant,2025-07-01,bank_247c113a82
merchant_a2fe0ea44c,merchant,2023-12-03,bank_2044eabce2
merchant_3634d00e63,merchant,2024-02-23,bank_7fde4cb81e
merchant_f65a2ffc97,merchant,2025-03-09,bank_fb627b1244
merchant_f497a01473,merchant,2024-11-11,bank_fcd82e2c24
merchant_1d46e3117e,merchant,2024-01-06,bank_c2d5730e5e
merchant_efd04f28a0,merchant,2025-06-19,bank_eb3bb70d79
merchant_fb5b4ece74,merchant,2024-09-09,bank_174a1399bb
merchant_cad20b66a3,merchant,2025-07-28,bank_8703ab3d6c
merchant_6b381e4052,merchant,2024-11-17,bank_a81b83a867
merchant_ad85ddbc05,merchant,2024-06-09,bank_ffa15fb5bc
merchant_bd40307519,merchant,2024-01-11,bank_65d9c590ad
merchant_24c63dabf1,merchant,2025-06-04,bank_176818cbc6
merchant_37bf71e449,merchant,2025-07-26,bank_1d0051c52e
merchant_04fcd92764,merchant,2024-12-03,bank_1d71d6683c
merchant_87542d85a2,merchant,2024-02-28,bank_2e67b0f377
merchant_1759d6bdc9,merchant,2024-12-23,bank_4f4ab4c4fa
merchant_1e94d8e9d7,merchant,2025-08-08,bank_782a3feb13
merchant_aa6577fe5e,merchant,2025-09-16,bank_ecae87a293
merchant_8e82cdf019,merchant,2024-02-11,bank_7e429751b3
merchant_e30bddf350,merchant,2025-09-17,bank_1990128182
merchant_a7ece4f347,merchant,2025-06-22,bank_3c9a5f5a87
merchant_bc530d76a5,merchant,2024-02-13,bank_80bf023ae1
merchant_c4244dbf5b,merchant,2025-06-16,bank_69f74b39ad
merchant_85f53ab991,merchant,2025-08-12,bank_df1aa3e8e9
merchant_88588d3f08,merchant,2025-05-27,bank_1e6d2418e4
merchant_92d2a0597e,merchant,2025-11-23,bank_416880d282
merchant_68505ba3e8,merchant,2026-02-05,bank_fa9b0e5ca9
merchant_c1e9323169,merchant,2025-11-23,bank_b6533bc8d2
merchant_ac46d47e02,merchant,2025-12-17,bank_ce7b30ccc8
merchant_9ee82851be,merchant,2025-06-14,bank_a74027a63b
merchant_32dc63cfbe,merchant,2025-01-05,bank_afd8b67a51
merchant_b529aac637,merchant,2026-02-08,bank_76d1065f06
merchant_e4a3cb293e,merchant,2023-12-12,bank_2dd2c65af9
merchant_3090b40d1d,merchant,2024-11-14,bank_83fc5edfb3
merchant_b97d76db5a,merchant,2024-06-26,bank_083b499e32
merchant_90a02b16f1,merchant,2023-12-23,bank_5334881a1d
merchant_90ef6b148b,merchant,2025-07-21,bank_9ac262ff5b
merchant_ef8acf78fe,merchant,2024-02-09,bank_05accdbf94
merchant_2be99ef2a2,merchant,2024-01-13,bank_8c8bf336ab
merchant_bc336acd6d,merchant,2024-01-28,bank_42ff0d44cf
merchant_202285b5b9,merchant,2024-12-26,bank_6e40a104c4
merchant_40d2065d3c,merchant,2024-08-07,bank_67703e5886
merchant_2a615c0dbf,merchant,2024-08-27,bank_e8cad216cf
merchant_45cd61d7d8,merchant,2024-07-16,bank_d492c67ad2
merchant_a34952427f,merchant,2024-02-10,bank_829ba60dbf
merchant_b0b29fd287,merchant,2025-07-05,bank_9de46e9d43
merchant_e0febe6d4b,merchant,2025-10-23,bank_59669b69b5
merchant_f65d6a4821,merchant,2024-09-13,bank_0d6d52f71c
merchant_dd67ea5c49,merchant,2026-03-30,bank_5ecd1772d4
merchant_05de74c954,merchant,2024-04-26,bank_cded8b1d6b
merchant_062a932540,merchant,2025-06-07,bank_2ab7a043d3
merchant_353fac1801,merchant,2025-06-10,bank_c0b9bf6267
merchant_efb3738ddc,merchant,2024-04-12,bank_adf69e1842
merchant_49814f3e96,merchant,2024-04-28,bank_2bd8b0c165
merchant_7a18bddbe7,merchant,2024-01-16,bank_284f23a320
merchant_a40bcf4236,merchant,2023-12-30,bank_ddd55f3065
merchant_7beae2e135,merchant,2025-12-05,bank_09343b5348
merchant_3e0344e933,merchant,2025-10-31,bank_2a4240360e
merchant_734fbb4cd6,merchant,2026-01-18,bank_988a5797f0
merchant_b7b88e67e4,merchant,2024-01-11,bank_f31c5761b2
merchant_87fbaf1e3b,merchant,2024-02-25,bank_792fc919db
merchant_eb11452895,merchant,2025-06-10,bank_54f96db62e
merchant_1900464c28,merchant,2024-12-08,bank_4d1629c9dc
merchant_d797cd53c6,merchant,2025-06-27,bank_c0d25d4539
merchant_ad2086abd4,merchant,2024-11-12,bank_1378623112
merchant_369dd15572,merchant,2024-07-28,bank_54aca6229f
merchant_5c0e8c516d,merchant,2024-03-10,bank_67f241550f
merchant_773feaf741,merchant,2025-07-19,bank_97821c31cd
merchant_86cdc878e0,merchant,2025-08-10,bank_db68beee69
merchant_c772b461f2,merchant,2024-08-08,bank_91d8c0dffa
merchant_9343709585,merchant,2024-08-19,bank_87d2d94071
merchant_5b029db4a1,merchant,2024-12-06,bank_d28d8c86e3
merchant_b0efe6bd7d,merchant,2025-06-21,bank_1150697033
merchant_8ac42f8307,merchant,2025-01-10,bank_ca275d55b3
merchant_98d2b35a43,merchant,2025-12-29,bank_5a96afc519
merchant_5fa634aa1f,merchant,2025-02-07,bank_9ac8ef3ece
merchant_1e8965bbb4,merchant,2024-05-15,bank_67fe4bd8d4
merchant_cec71126f9,merchant,2025-04-29,bank_4d2f13c66f
merchant_d238786ef0,merchant,2025-06-10,bank_fd92b75cc6
merchant_a94de1afd3,merchant,2023-12-20,bank_27cc3ce987
merchant_2077899195,merchant,2026-02-23,bank_49064bf8b7
merchant_dbf6a53ae2,merchant,2025-05-14,bank_0e84368212
merchant_b28b91e2e8,merchant,2025-12-04,bank_cac63392ec
merchant_469b408b42,merchant,2023-12-09,bank_ddb41c2d71
merchant_5e9aa738ba,merchant,2024-09-23,bank_a42133938b
merchant_c8ed944d4c,merchant,2025-09-21,bank_38c6d85e32
merchant_ceef3c5b2e,merchant,2024-07-03,bank_5a62eaac5f
merchant_379d6889d6,merchant,2025-09-05,bank_7de4399591
merchant_a79e59d135,merchant,2025-06-11,bank_38bae1ae14
merchant_4f15750eff,merchant,2024-11-21,bank_4b816f7bea
merchant_64b03ac671,merchant,2024-01-04,bank_751a042597
merchant_63a83efe6b,merchant,2025-10-21,bank_d7e4cf56e2
merchant_a12b816ca6,merchant,2024-09-13,bank_81f3f255f7
merchant_e3f40abbcf,merchant,2025-08-14,bank_2dbb01a464
merchant_ae737c21dd,merchant,2025-12-02,bank_ac0d6711e0
merchant_52e70721ce,merchant,2024-11-07,bank_5be0b34ba1
merchant_44f4e41762,merchant,2024-10-27,bank_981693c2fd
merchant_5a343d9d01,merchant,2025-01-31,bank_ed0d030dfd
merchant_cdcdcc8a82,merchant,2025-07-26,bank_838205da13
merchant_cc86673f15,merchant,2025-11-04,bank_abbdb48aa3
merchant_81a252bf42,merchant,2024-10-28,bank_bca84dacd1
merchant_8ee2923286,merchant,2025-06-23,bank_604dfd21bd
merchant_a787a0a089,merchant,2025-04-18,bank_0bf40d8c91
merchant_69f719a151,merchant,2023-12-13,bank_e364b02e35
merchant_29de0e5f0f,merchant,2024-03-19,bank_a9afd14da0
merchant_25dec4508e,merchant,2024-05-26,bank_e26d74459f
merchant_90c42b0cb1,merchant,2024-11-22,bank_3788477d06
merchant_31b6385c48,merchant,2024-09-13,bank_a69998a294
merchant_8fcbe8270b,merchant,2025-05-07,bank_60b69ce0d7
merchant_926c932d0e,merchant,2025-07-31,bank_ecb813303a
merchant_b9ab72a470,merchant,2024-01-28,bank_a04a08f392
merchant_d8658eecf5,merchant,2025-05-11,bank_ee1d70f71d
merchant_f3aad700dd,merchant,2024-04-09,bank_53401d7bf3
merchant_490f83daf9,merchant,2024-05-22,bank_4dfa779216
merchant_274792d45f,merchant,2025-10-28,bank_20e6f30aba
merchant_d174e3172c,merchant,2024-11-03,bank_a0d871b84f
merchant_a9e65440f4,merchant,2023-11-18,bank_0cb18f8668
merchant_76d6a5e212,merchant,2024-10-10,bank_f3f6205851
merchant_e19740f862,merchant,2024-03-23,bank_e260a7016b
merchant_80897e31f2,merchant,2025-10-25,bank_fb60bdbfdc
merchant_f1821ccda7,merchant,2025-04-20,bank_b9cf80965d
merchant_ffed855439,merchant,2025-02-18,bank_ce35126a0c
merchant_028ff704b3,merchant,2024-05-11,bank_ebb24df945
merchant_6e98a2e7b7,merchant,2024-06-29,bank_f89fa3f7ce
merchant_68ce87b514,merchant,2024-09-24,bank_64608c787e
merchant_e4a3f684eb,merchant,2026-01-21,bank_37003758af
merchant_e71dfdb46a,merchant,2024-05-01,bank_d09691510a
merchant_522c7daea3,merchant,2025-01-12,bank_f183c55fa7
merchant_f8ca4fd0ed,merchant,2024-04-11,bank_b863245fa2
merchant_18e262ed2a,merchant,2025-10-13,bank_021aa902d4
merchant_f8852926a0,merchant,2026-03-03,bank_cb71072ecf
merchant_bbcfc42057,merchant,2025-03-30,bank_912651f536
merchant_166598d37b,merchant,2025-07-25,bank_5c0b9e329a
merchant_9eceb1bbfd,merchant,2024-05-03,bank_8ff218fb2d
merchant_6b929e890d,merchant,2025-10-09,bank_1ed80a63ff
merchant_0cbfe24037,merchant,2025-03-06,bank_02dfbc4331
merchant_027f643824,merchant,2025-07-29,bank_3dfb9045a7
merchant_c93e4800c4,merchant,2025-08-07,bank_ed968117a6
merchant_ff7d979eb1,merchant,2025-07-15,bank_1f97f2fede
merchant_5f1943e21c,merchant,2024-05-19,bank_a6327ae3ca
merchant_aa965ededd,merchant,2024-05-08,bank_7a8f51eff3
merchant_7c3965981e,merchant,2026-01-16,bank_cc35e2af64
merchant_65071c01c7,merchant,2025-05-30,bank_ee46f15f74
merchant_b0c9e1860a,merchant,2024-04-25,bank_3ab8829ea0
merchant_e06660bb09,merchant,2023-11-18,bank_44e2b951e0
merchant_c4d8ad7892,merchant,2024-11-23,bank_5cf566e548
merchant_5d52371562,merchant,2025-03-30,bank_fbed6823f8
customer_992187960b,customer,2025-07-02,bank_179d1a2719
customer_bdea34a564,customer,2025-03-21,bank_98fdb82554
customer_3e994bca7f,customer,2024-09-28,bank_5bc480b0df
customer_aae93b9df3,customer,2024-08-18,bank_c76394f2d3
customer_1dd1e2fd22,customer,2024-08-17,bank_58b2526ec9
customer_c727e29f52,customer,2025-09-18,bank_5d6bd77e0b
customer_9cb6403a37,customer,2024-06-05,bank_2c9ae88b34
customer_e9873334d9,customer,2024-06-02,bank_a18936a37e
customer_f7f18caa71,customer,2024-07-27,bank_ed9993a4cd
customer_dfe83538e9,customer,2025-06-18,bank_6c0301bd18
customer_44a33beba6,customer,2026-03-27,bank_431842ac88
customer_8f5df6865d,customer,2025-12-17,bank_b95007c715
customer_e4dfc3bc61,customer,2025-05-31,bank_04f8476f1f
customer_6c893b89f6,customer,2025-10-07,bank_2da1e71779
customer_89eb3ba395,customer,2025-04-21,bank_d2cb99fbb1
customer_84b6e52b01,customer,2025-07-25,bank_f201bbf6a0
customer_bfcca5c192,customer,2024-12-23,bank_ee171951e1
customer_17db3fd369,customer,2025-05-19,bank_f49b72d505
customer_7500bccf55,customer,2025-01-06,bank_61d996c19c
customer_2dc8acb191,customer,2024-06-07,bank_db7bcf14ac
customer_ffb42bbb1f,customer,2025-03-20,bank_927f75fd23
customer_0da6d13151,customer,2025-04-21,bank_f243a0c530
customer_70665f17b1,customer,2025-08-03,bank_46cb37726d
customer_80513064cb,customer,2025-01-20,bank_f240da1a77
customer_41aec04d9b,customer,2025-08-05,bank_7d05f9c322
customer_68766249e7,customer,2024-07-16,bank_339143fd78
customer_4ff2f68baf,customer,2024-06-08,bank_686d93d2e7
customer_b6357787d8,customer,2024-08-04,bank_0233962531
customer_fddc28ed3c,customer,2024-08-14,bank_f101d48680
customer_84841e9852,customer,2026-02-25,bank_60cb9cd931
customer_6b953c895a,customer,2025-06-25,bank_91075c6997
customer_be75f31195,customer,2026-01-01,bank_7cf7778d19
customer_41a5f96fc3,customer,2026-03-23,bank_acd6f0aed8
customer_f30e8445b7,customer,2026-01-02,bank_2967819667
customer_6df14214ee,customer,2024-10-27,bank_2ac527e229
customer_7790c464bb,customer,2024-06-13,bank_52f3e26ee7
customer_ace1f722e1,customer,2024-10-24,bank_56838f21cd
customer_d7cbd03182,customer,2025-11-23,bank_655026779f
customer_7540b07d3f,customer,2026-01-19,bank_cf93b28460
customer_f3856bde89,customer,2025-03-09,bank_f3544ee78e
customer_5f1ec0a9c6,customer,2025-04-16,bank_8fac8ede4d
customer_77cf724c2f,customer,2025-01-30,bank_106b21e36b
customer_937e7ef701,customer,2026-01-19,bank_dddce386f8
customer_73df9ed94f,customer,2024-10-20,bank_9e76b6e708
customer_b07152b8a3,customer,2026-02-27,bank_33ba55e220
customer_c7075d8877,customer,2025-10-18,bank_7a4ce59f1a
customer_a517bc2deb,customer,2024-06-21,bank_7b55a7c220
customer_948dc5a84d,customer,2024-07-15,bank_d285570c5e
customer_6980263b2b,customer,2026-03-10,bank_e4b0e82415
customer_83559dc96c,customer,2025-12-23,bank_57e7f533ae
customer_88ed88642a,customer,2025-10-02,bank_979f52ed5c
customer_27ebe6c06b,customer,2025-09-30,bank_f3c7bbcd2d
customer_e1bd880532,customer,2025-09-04,bank_12d9187f5f
customer_d1bd6c96a2,customer,2026-04-28,bank_06dd98e006
customer_4dc92e7751,customer,2025-12-18,bank_50b40a3da9
customer_480bf7b4b4,customer,2025-11-03,bank_5642fe2698
customer_e2412e07c0,customer,2026-04-04,bank_9d77c5e119
customer_8313c3e60a,customer,2025-04-29,bank_6bec1e4af5
customer_03cda70b1e,customer,2024-09-05,bank_5f60675b19
customer_0a623cd383,customer,2025-08-02,bank_52be73e524
customer_8e79be04dd,customer,2025-02-23,bank_316ae428bc
customer_c928330ca0,customer,2024-12-29,bank_3ddc7046f6
customer_488ffcb61c,customer,2024-11-21,bank_2bfed592a1
customer_2961fc89ee,customer,2025-01-23,bank_7894536580
customer_0c64a3d9c4,customer,2024-08-09,bank_ea473ddf37
customer_77685eda98,customer,2024-06-25,bank_e5e2d838ab
customer_390512c0ba,customer,2024-07-11,bank_d52b68a54e
customer_99878fe56a,customer,2025-03-15,bank_2055ef2c2b
customer_58310c2fab,customer,2026-01-10,bank_97b13227f9
customer_915f92bcfe,customer,2026-02-14,bank_d021b89d39
customer_2dbbcdd69b,customer,2024-08-16,bank_8cb3e2a15f
customer_42d302e4ee,customer,2025-12-22,bank_6751b58614
customer_5ba38d49d0,customer,2024-09-08,bank_9a7b7ffdc7
customer_8f4db46e04,customer,2025-06-02,bank_e14bc0e9ba
customer_8750a3b204,customer,2025-07-03,bank_b5f7eb20ce
customer_cfdf5378b4,customer,2025-02-14,bank_902f6739f7
customer_15b62f01fd,customer,2026-01-03,bank_a07e7cb19e
customer_2eede291b5,customer,2025-09-22,bank_596eed5304
customer_8e5315c141,customer,2025-09-09,bank_8c78206f7b
customer_234853293e,customer,2025-01-21,bank_f613c39944
customer_3b8412e40a,customer,2026-01-23,bank_0bc944fba8
customer_2ae3a78441,customer,2025-06-14,bank_cc80162661
customer_3f30a2152d,customer,2025-04-12,bank_0cf0a859ee
customer_0e4ad866dd,customer,2024-12-31,bank_9bd500d223
customer_ad8e6a7613,customer,2026-02-02,bank_0aa27947a2
customer_3f787fd731,customer,2026-01-22,bank_4f18edd511
customer_0e0e0d126a,customer,2024-10-08,bank_262bb713b5
customer_2fa062f618,customer,2024-10-02,bank_a6d237d6e3
customer_72800407cc,customer,2024-06-13,bank_9950c7f318
customer_fdf523a92c,customer,2025-05-03,bank_a906e6ddb1
customer_c1489b1b3c,customer,2026-03-09,bank_4d77cac3cc
customer_c1294acfb1,customer,2025-06-15,bank_a47dfc0346
customer_a249c8d693,customer,2024-09-16,bank_907e7939cf
customer_c7663e7f92,customer,2025-11-23,bank_19bb114cda
customer_39f9c1714a,customer,2025-09-13,bank_669abd86de
customer_18344766d1,customer,2025-04-19,bank_1cd6bb4523
customer_f67a6f81bc,customer,2024-09-20,bank_49128e6e0b
customer_190083ff0f,customer,2024-10-03,bank_324e9926de
customer_99acff85fa,customer,2024-08-10,bank_524241fea0
customer_3a8013014e,customer,2026-04-04,bank_6b543f9cc2
customer_b3557acb03,customer,2025-07-31,bank_9754cbf03a
customer_b1ea77f4a7,customer,2025-07-25,bank_876c492104
customer_66f95a6699,customer,2025-05-18,bank_c955b45530
customer_a7268d6a55,customer,2025-10-27,bank_7810a8e8ed
customer_d0c3d29b78,customer,2025-03-16,bank_8ce962bdae
customer_81df3b2e43,customer,2024-07-21,bank_0c8b559516
customer_9f61e9fb30,customer,2025-09-22,bank_776ed171dc
customer_926888b4d5,customer,2025-05-16,bank_bb511aa6ce
customer_7698fe97f0,customer,2025-06-02,bank_ebd53752ef
customer_8d55545088,customer,2024-08-28,bank_0164919faa
customer_423e780572,customer,2025-11-20,bank_0311dd02f9
customer_7bd2454f6e,customer,2026-03-11,bank_17212f02c0
customer_8ced0475b9,customer,2024-06-22,bank_cd314a90b9
customer_152fce5c60,customer,2025-02-02,bank_f107d019e4
customer_f32abf90da,customer,2026-01-04,bank_3b3906dd68
customer_0f5dbe96da,customer,2025-07-14,bank_6679dd66ab
customer_d5cba656fb,customer,2024-08-31,bank_99ba624c6a
customer_47a4b50a79,customer,2024-06-16,bank_6d11c5d14e
customer_fcf4b481a4,customer,2025-09-17,bank_650f2cc9b8
customer_212c2d819c,customer,2026-03-05,bank_301b79214f
customer_35fd6778a4,customer,2025-06-26,bank_62fcc87459
customer_8e558f1e24,customer,2025-08-12,bank_03d8f98404
customer_b9cd833d60,customer,2025-12-29,bank_34ab5d6ba6
customer_2becec9d4c,customer,2025-11-02,bank_86ccd13930
customer_d6728d9c01,customer,2024-11-01,bank_37d6bc6428
customer_347c1a412c,customer,2024-10-05,bank_8548debbf8
customer_d2c001a140,customer,2026-02-16,bank_4107bbe92f
customer_cdfb443daf,customer,2025-02-08,bank_4679189a2f
customer_8e00a841ea,customer,2025-06-14,bank_2745f75c3f
customer_36b08d36ce,customer,2024-09-20,bank_022afba208
customer_095c70ca2a,customer,2024-07-14,bank_3ee307c2e6
customer_8744ffff02,customer,2026-04-09,bank_ce50779d28
customer_6288817c04,customer,2024-08-06,bank_bcc3578afb
customer_cfb35fc2a8,customer,2025-04-25,bank_f0be8f7241
customer_1eb3653c34,customer,2026-01-12,bank_75ca4a5c4c
customer_d7397303a5,customer,2024-09-04,bank_34fbced48e
customer_d5c7dbed59,customer,2026-02-09,bank_7c067d53c9
customer_b83cd52f7a,customer,2025-05-18,bank_ca0678145f
customer_9c7a5768b3,customer,2026-02-11,bank_2af054fbd7
customer_3b8ecbd543,customer,2026-01-04,bank_ad689569b5
customer_bd510044a7,customer,2025-05-08,bank_cd930270ff
customer_6771f84857,customer,2024-07-09,bank_9cc259b0a5
customer_e1e65e6c37,customer,2026-01-15,bank_4d42108622
customer_f55170b64a,customer,2025-11-04,bank_20e6ab6dca
customer_c7da874956,customer,2024-06-28,bank_53f99da3cf
customer_be3ea5a496,customer,2024-12-11,bank_ee1235a614
customer_f7a7eddec3,customer,2024-09-14,bank_133747e184
customer_3f9926b2b0,customer,2024-09-29,bank_07bc270e8f
customer_087ae0c79f,customer,2024-07-30,bank_8d1a8983ec
customer_8fdaf28e09,customer,2025-06-11,bank_c1002990ae
customer_d8c0baeb95,customer,2026-02-20,bank_15cdf209bb
customer_cb30fd5b69,customer,2025-06-24,bank_31702ab261
customer_1844d263f0,customer,2025-05-05,bank_5b30f846dc
customer_f641809faf,customer,2025-01-13,bank_0bfe7283f2
customer_d77c700add,customer,2026-03-03,bank_7ba51b334e
customer_824963e0d1,customer,2026-02-11,bank_1806c34117
customer_a7b9659de5,customer,2024-08-09,bank_dd585cdcb7
customer_d7efc21ccd,customer,2025-04-02,bank_83e211c2db
customer_ac7e6bb3de,customer,2024-10-10,bank_0ca5f857fb
customer_92ea025927,customer,2024-09-22,bank_6f7a87ea31
customer_1dc900feff,customer,2025-06-05,bank_2ecef99ee6
customer_efc021ee7f,customer,2026-02-26,bank_ca1ebc8d11
customer_d263d960ac,customer,2026-02-03,bank_b1dbe6b352
customer_f9f6be610e,customer,2025-11-05,bank_508f58ab0e
customer_15c082d205,customer,2025-02-06,bank_59e00b3374
customer_75c7ba839b,customer,2024-11-11,bank_d8af7e3a46
customer_bd9a8a82f3,customer,2025-04-23,bank_fb4a4deaaf
customer_5c5699a993,customer,2025-03-30,bank_d4751067b9
customer_69a98ea39f,customer,2024-06-04,bank_2f85f971dc
customer_6eb04d8cf4,customer,2024-07-07,bank_688a75c05d
customer_1fdade4397,customer,2025-05-28,bank_6b4336c5e5
customer_4d1fd152d2,customer,2024-06-05,bank_d1dbcb4c0a
customer_d6bb75f6e3,customer,2025-08-15,bank_d0b7530ceb
customer_4ffb507005,customer,2025-11-28,bank_638d2eb89c
customer_28014cea89,customer,2024-09-11,bank_a21163949f
customer_13ff95b032,customer,2024-06-28,bank_99c9c43a61
customer_747ab9136c,customer,2025-12-19,bank_1cb47de0a9
customer_b7e16e66cc,customer,2026-02-03,bank_64c86f18c8
customer_f9bd3aff01,customer,2025-04-10,bank_96552dd3d7
customer_c067cd1536,customer,2024-06-13,bank_ada4169162
customer_aa12f7b44c,customer,2024-11-07,bank_2fa24afad1
customer_11e8ba20c2,customer,2024-06-13,bank_d35cdbae0b
customer_9a412ab8cc,customer,2025-04-25,bank_fb2df4c5aa
customer_a5214e0023,customer,2025-10-28,bank_406722c563
customer_399f885f94,customer,2024-12-19,bank_2b619a0a66
customer_0dfe219ccc,customer,2025-12-11,bank_3e659ce64e
customer_b655f24c9a,customer,2026-01-17,bank_ab2b107094
customer_58ce8e435c,customer,2024-11-07,bank_35f15de967
customer_c09706aab2,customer,2025-05-21,bank_bc9887b157
customer_b25c56b3ff,customer,2025-12-17,bank_3a6b58946d
customer_6014a0e50c,customer,2025-11-24,bank_6cc4c79c43
customer_e08e609b49,customer,2024-07-30,bank_fa06751079
customer_7a6b6c1c9b,customer,2025-02-06,bank_c1ecf2a209
customer_43fcda5c79,customer,2024-06-07,bank_2fd46ab086
customer_e157b05765,customer,2025-01-31,bank_ba25ff1475
customer_0ed62b95d7,customer,2025-01-26,bank_9b5c3d0a18
customer_03102c63e2,customer,2025-08-29,bank_e5da194c65
customer_9d9c464276,customer,2025-10-14,bank_02973a7c69
customer_e1217e814d,customer,2025-02-03,bank_e3f141017c
customer_2d3f7cea76,customer,2024-12-02,bank_67ca8072aa
customer_8de6635442,customer,2025-11-16,bank_e0e52fd244
customer_597e4e2f1e,customer,2024-08-19,bank_2424161b6f
customer_0e6017469b,customer,2026-03-08,bank_cd92761f2a
customer_a2ab1035e8,customer,2025-04-15,bank_406d25bceb
customer_39e692d417,customer,2024-11-18,bank_ec0a510c2f
customer_1130ca9418,customer,2025-11-17,bank_235c677747
customer_de0da5d31e,customer,2024-11-21,bank_254dffb8d6
customer_3b527c483c,customer,2026-01-27,bank_4d61dac9f9
customer_46ff983cf6,customer,2025-05-08,bank_5c35c6c3cb
customer_ddee4ddb88,customer,2026-03-07,bank_3613dd7246
customer_8faa881e85,customer,2025-04-13,bank_e4c876d36d
customer_b06812e0d1,customer,2025-04-12,bank_89cda76a5c
customer_09c80825a6,customer,2026-01-19,bank_f6c7e97703
customer_554c745898,customer,2025-05-22,bank_29f89366f8
customer_7a6c8ca22d,customer,2025-12-11,bank_1837c652b2
customer_940207296c,customer,2025-12-09,bank_125c167783
customer_8f37e156b1,customer,2025-01-26,bank_90fe9545a7
customer_ded1f747b3,customer,2026-02-08,bank_1650e2f1c7
customer_7b6daf7c10,customer,2025-09-22,bank_ae5a4bc1b8
customer_7a2493c541,customer,2024-08-15,bank_7b07907fa6
customer_1bb0d846a8,customer,2025-07-09,bank_6e73024dae
customer_3f5542be31,customer,2026-03-13,bank_02077045a3
customer_abf9c00ce4,customer,2024-08-01,bank_f29d88ad04
customer_7e44a98593,customer,2026-01-07,bank_1bdea4baea
customer_3e854d3227,customer,2024-10-29,bank_2021ca42ea
customer_139e41206f,customer,2024-09-19,bank_1f62e0b64a
customer_6bd6505306,customer,2025-12-04,bank_3c30246d17
customer_db022ccd0e,customer,2026-04-29,bank_a4430f957d
customer_350f274fa6,customer,2025-08-27,bank_2200e523ed
customer_8babf58817,customer,2025-10-21,bank_4b24677367
customer_cd575fca80,customer,2026-02-02,bank_9f27ea2566
customer_50c2f9d756,customer,2026-02-20,bank_bf2d52c0ae
customer_4f43185008,customer,2024-11-27,bank_66be2edb0f
customer_9e9283fecd,customer,2024-10-10,bank_421c177ed7
customer_baa7e24d43,customer,2025-01-04,bank_fee84fd346
customer_4150445ab9,customer,2025-03-30,bank_9647f87a0e
customer_d94480265c,customer,2025-04-30,bank_45a23a6fb1
customer_b7c9da1e50,customer,2025-05-12,bank_c927738956
customer_19b8f65965,customer,2024-07-26,bank_19ec390be4
customer_ae97415f87,customer,2025-12-15,bank_17e9ee6a1b
customer_fe6535938b,customer,2024-10-18,bank_c1f0362d16
customer_a50eda95b7,customer,2025-11-02,bank_2834e704aa
customer_340c8670e4,customer,2025-01-10,bank_c0b1bee2fa
customer_e71935152f,customer,2024-07-23,bank_f3023c933f
customer_bd338696be,customer,2026-02-25,bank_80b4db334a
customer_35212368b8,customer,2026-03-24,bank_54df33de78
customer_711f879abd,customer,2026-03-17,bank_1557914c16
customer_c9ecb3eb3e,customer,2026-03-19,bank_d6c5939396
customer_8000e428f1,customer,2024-11-19,bank_5936d6db63
customer_e9b11eed9e,customer,2025-01-01,bank_085f2367ca
customer_33e79b25e1,customer,2024-07-07,bank_6b119b0b88
customer_e1359b2f38,customer,2026-03-13,bank_52b3327799
customer_0a76e1530d,customer,2025-07-25,bank_e959e0d9cf
customer_8171a24aab,customer,2025-03-17,bank_695754e517
customer_460c9d7a83,customer,2025-05-18,bank_ba218c972e
customer_5ed9d32403,customer,2024-12-07,bank_48ab95b884
customer_1deeb12af8,customer,2026-02-05,bank_6418b16a66
customer_00a0c04a70,customer,2025-02-14,bank_02520bb761
customer_3976092cfd,customer,2024-10-19,bank_4700863b8c
customer_907965162f,customer,2026-01-15,bank_ed2ee62dc1
customer_60620ea061,customer,2024-06-23,bank_be7f19658c
customer_17723ccd4a,customer,2025-01-29,bank_c9a8f7d556
customer_644d44de80,customer,2025-11-11,bank_4e91848957
customer_6f9fea6b29,customer,2025-01-28,bank_edc73c4c09
customer_cb3669e6c4,customer,2025-05-04,bank_a81a14e9b9
customer_2a73a261cd,customer,2025-07-23,bank_9e2ce7c5bf
customer_2be32c75f5,customer,2026-02-13,bank_e7aa4e44c1
customer_fe7ca10818,customer,2025-04-23,bank_a7b6b5992e
customer_dc23d8d2ff,customer,2025-11-18,bank_bc3f6cd488
customer_7dc3e9ff2b,customer,2024-08-16,bank_7608bd94ad
customer_3a9c1bbf62,customer,2026-03-26,bank_4cbff9e64b
customer_8e2cb9d2e9,customer,2025-09-01,bank_f972cd721f
customer_2c96cf2478,customer,2025-04-25,bank_d5ae5f7a2d
customer_d7cd80fc1e,customer,2026-03-28,bank_0269ca4d72
customer_94fb367aee,customer,2024-06-04,bank_aa7fc424ae
customer_e9601cecb9,customer,2025-01-31,bank_a215c2b19b
customer_cb76df9b46,customer,2025-12-11,bank_cbf6e71136
customer_3226198347,customer,2025-03-19,bank_45ef189bfe
customer_54f7745d36,customer,2025-08-18,bank_c0df213192
customer_f9620ed929,customer,2024-12-05,bank_960d6142e7
customer_8733c9e161,customer,2024-10-02,bank_a028399cec
customer_a7317fad76,customer,2025-01-29,bank_360d2aac8a
customer_d60dc3f739,customer,2025-07-12,bank_8ae113dbb2
customer_bd12be5a05,customer,2025-10-08,bank_1d014ed123
customer_ac2c315d1f,customer,2025-01-23,bank_a3d37cff64
customer_8e17addeaf,customer,2025-01-30,bank_dac49cfa64
customer_f52248faec,customer,2025-06-07,bank_e44043eb43
customer_4eff06faca,customer,2026-02-23,bank_00a0cf53bc
customer_3bdffe85c5,customer,2025-06-27,bank_454ab9d25b
customer_78134bd03f,customer,2024-07-16,bank_b63a9041fb
customer_133735f1f8,customer,2024-11-26,bank_1942df5f18
customer_49c27ea7cf,customer,2025-10-07,bank_e9321cfb4c
customer_381ed0bc84,customer,2024-12-11,bank_3e9e59de13
customer_d05a3f69ff,customer,2024-10-10,bank_af2838c61b
customer_aec64b62d3,customer,2025-01-07,bank_5b9f3d2fa6
customer_b07da27fb0,customer,2024-08-12,bank_1a8cdc8107
customer_43e9908661,customer,2025-06-18,bank_da9d1a4c52
customer_c58cc780ea,customer,2024-12-26,bank_27ed9b8d77
customer_32ab19b6f5,customer,2024-09-19,bank_b357c0a39a
customer_eb0fb76d2b,customer,2025-06-10,bank_f755d3cddd
customer_a9b7cfa1f8,customer,2025-01-25,bank_5ae48ceeaa
customer_9a800ee7cd,customer,2024-11-17,bank_2624d38aa0
customer_f8b6048fcf,customer,2024-10-13,bank_6ec6d55938
customer_973eae18e2,customer,2025-10-26,bank_38ac81d7c2
customer_67b7587ea5,customer,2024-12-02,bank_ccf9954353
customer_31af927c95,customer,2025-11-25,bank_aef6d8aa83
customer_ba79de93d2,customer,2025-11-16,bank_496dd868f8
customer_150048bb8c,customer,2025-09-12,bank_502fa8535c
customer_d21a66755a,customer,2026-02-09,bank_77ea5e6bb2
customer_6f0bcdbf8f,customer,2024-07-19,bank_c7a24163b1
customer_62f9a78bb6,customer,2024-07-29,bank_c4599d2cfa
customer_b3e5feb889,customer,2024-10-31,bank_d274c0b802
customer_6056f0e365,customer,2024-07-13,bank_f8b6caabe1
customer_ff0d4f9227,customer,2025-11-06,bank_1e9bafe5e8
customer_0f2cd8371b,customer,2024-08-19,bank_a8c053863d
customer_791c0a5476,customer,2026-04-01,bank_0823369ff7
customer_9fcd01c5c2,customer,2024-07-13,bank_eefd812318
customer_d3ab9c65d4,customer,2025-08-02,bank_006e37baa6
customer_cc3270d4ee,customer,2024-09-22,bank_46513565f4
customer_f1cbe0adb6,customer,2024-07-15,bank_8fe34cdf79
customer_18dd490b58,customer,2024-07-27,bank_adbe2eae56
customer_ec1c18a505,customer,2025-06-25,bank_4630c20bba
customer_df40b2a2ba,customer,2025-03-11,bank_e78a7d3cc6
customer_cae36a048e,customer,2026-02-28,bank_c989fa4c42
customer_57433fb2b7,customer,2024-12-21,bank_89ea9ebeeb
customer_af4ca6f7ee,customer,2024-08-17,bank_ed0a45a321
customer_27b96d4d33,customer,2025-06-08,bank_96e1bfcfa6
customer_01f8b817bb,customer,2025-12-18,bank_83008e5d61
customer_8275f3b88a,customer,2024-10-02,bank_7130a96941
customer_29f361df14,customer,2025-08-26,bank_a43d905757
customer_1674d7bba3,customer,2025-07-31,bank_7a1cc0dcb9
customer_6295938562,customer,2025-12-07,bank_312a2fd0e3
customer_1cfd390058,customer,2025-07-07,bank_5cad928eaa
customer_32bf152c32,customer,2025-08-19,bank_a2c7956d50
customer_c21eefd004,customer,2024-09-16,bank_2325734977
customer_43b700c7b1,customer,2025-11-18,bank_1c7ea71c0a
customer_16d142979e,customer,2025-01-07,bank_d2a0fc3f12
customer_6091b8410b,customer,2026-04-07,bank_a246f3c751
customer_64f45b0f43,customer,2024-11-29,bank_96df851233
customer_435d4db68d,customer,2025-09-22,bank_1c0125a7da
customer_74860fa6f9,customer,2026-03-12,bank_4b119bd880
customer_bf903a725b,customer,2024-12-10,bank_5944a33cf1
customer_e3781f4b6b,customer,2024-06-11,bank_7c26077850
customer_6153e59565,customer,2024-10-28,bank_a6023fddef
customer_6865f62eeb,customer,2025-02-13,bank_e55270b8cc
customer_980824a228,customer,2025-04-21,bank_719745dbee
customer_f5f5453e1f,customer,2025-04-21,bank_129e3646c5
customer_d9392bbbaa,customer,2026-03-09,bank_cd46e3826f
customer_99495a2698,customer,2025-10-13,bank_be7ca06d5e
customer_01b5dae5cc,customer,2025-07-09,bank_feadf6b984
customer_fe8acce974,customer,2025-01-24,bank_a5d7bf085a
customer_d62b5ff2d3,customer,2025-07-18,bank_0f8104e404
customer_5bed955a04,customer,2024-06-03,bank_43596c9e3d
customer_032cfb2fb8,customer,2025-12-20,bank_29666da3f1
customer_3f9ee0a441,customer,2025-04-13,bank_1ea553df5b
customer_c1b80d4fa3,customer,2024-10-06,bank_0966785c39
customer_7dfd2d2e74,customer,2025-10-09,bank_3754a5d471
customer_bed7444bfc,customer,2024-12-04,bank_e4ec0e25b7
customer_28f71dbc35,customer,2026-03-22,bank_681fd416d8
customer_2716769d23,customer,2024-12-31,bank_e4bd960f1b
customer_eb5497b000,customer,2024-08-18,bank_e02203f57f
customer_2f01f49d73,customer,2024-08-11,bank_65bdf8a9d0
customer_09ce1b912e,customer,2025-03-24,bank_13e4ee3603
customer_a7499fa83f,customer,2024-08-31,bank_835ab8e639
customer_1732f686fd,customer,2024-11-25,bank_e7aa9dd7ac
customer_980af11533,customer,2024-10-01,bank_5bd361def5
customer_899b80d947,customer,2026-04-13,bank_1b13edec4c
customer_3191067ade,customer,2024-06-10,bank_303473080a
customer_d38e1766b6,customer,2024-09-10,bank_bc8418b770
customer_9dbf316be2,customer,2024-07-25,bank_52bba658ac
customer_5ce1af3ee4,customer,2024-12-31,bank_7edc103f93
customer_a8489ceefe,customer,2024-09-15,bank_340357ddc8
customer_24a1dcdfc4,customer,2026-03-09,bank_4f3150734e
customer_6fd4ff87e6,customer,2024-11-10,bank_2fac5c16d7
customer_84f0f197d0,customer,2024-08-04,bank_263878fa92
customer_2cf51db795,customer,2025-11-30,bank_4e3ca96ec7
customer_3a74850148,customer,2026-03-29,bank_461bc0608e
customer_648bee08a9,customer,2025-10-17,bank_82619d56b8
customer_e6aa879de7,customer,2025-06-13,bank_b4e14cf376
customer_586e26299b,customer,2025-03-04,bank_7d10a5f64b
customer_3e67a7d705,customer,2024-12-03,bank_b3968e0526
customer_618a17e9b4,customer,2025-01-03,bank_39f13ddd3f
customer_fd9b901df0,customer,2026-02-26,bank_7082c6709d
customer_09ddbb9d58,customer,2024-11-15,bank_9bf60def60
customer_6f6680a12f,customer,2025-06-02,bank_e241d3aad9
customer_571ee77e79,customer,2024-11-08,bank_e8bfc0ccfa
customer_09e4ed2587,customer,2025-11-04,bank_38fea79fd3
customer_28325985a4,customer,2024-10-18,bank_e91982e00a
customer_fa97a37dc5,customer,2024-06-02,bank_3b64b91597
customer_2410ae32bc,customer,2025-08-03,bank_9da73d8860
customer_d7c56ce923,customer,2025-10-16,bank_10affc6f39
customer_6797b2b7cb,customer,2024-10-06,bank_ab5ff28911
customer_fb2e756df2,customer,2025-06-30,bank_bfdb2274db
customer_f7e79feba1,customer,2025-09-30,bank_f050a34041
customer_712bb6f7d6,customer,2024-12-16,bank_eeb0202ce3
customer_d889a1471b,customer,2025-05-08,bank_6f0b0d1603
customer_ea497fddf9,customer,2025-07-10,bank_0b99c4b7e7
customer_7a899a3a3c,customer,2024-06-07,bank_24d802f290
customer_7c6c8e7807,customer,2025-03-22,bank_95b02a20e2
customer_21b8338eea,customer,2025-12-02,bank_8ec6b600df
customer_cc2df3546a,customer,2026-02-09,bank_b5e100a8e8
customer_f3e5dfd225,customer,2024-06-28,bank_ce1923f94d
customer_f52603de0d,customer,2025-09-23,bank_a5e860927a
customer_3b8076c670,customer,2025-07-27,bank_cf9022763c
customer_db67bcf8c1,customer,2025-12-11,bank_b8a2d0ac78
customer_66d5bbf72d,customer,2024-09-07,bank_0cb03f819d
customer_7fc2ad85d7,customer,2024-06-14,bank_94c03a6d7d
customer_8eb31b8b5c,customer,2024-07-16,bank_951c4fd838
customer_b86b556964,customer,2026-01-18,bank_9da8014c50
customer_6d1acdb7ea,customer,2025-01-02,bank_ed592bea2c
customer_2abda4e44c,customer,2025-12-11,bank_5b4388876e
customer_900c5d5672,customer,2025-11-20,bank_ea755e2a37
customer_3d41d73721,customer,2024-12-28,bank_00bd674c80
customer_e82bf380e0,customer,2025-07-10,bank_53fe5cf5c8
customer_1fae946b52,customer,2024-07-08,bank_55858a7b11
customer_19b105a742,customer,2024-07-02,bank_203eff2146
customer_a8b00e97fd,customer,2024-10-30,bank_9d37599137
customer_2d0ef0cc70,customer,2026-03-23,bank_3533521a86
customer_16b6fda000,customer,2026-03-24,bank_2e798364e4
customer_3493f319d9,customer,2025-10-22,bank_de6b16a67f
customer_213ac0fbc4,customer,2025-06-29,bank_ef462ffb7d
customer_587d48438a,customer,2025-05-22,bank_21d355ddb0
customer_098c5c7207,customer,2024-07-13,bank_bab2ef1833
customer_1ca3fe4b54,customer,2024-12-11,bank_05e575a6fb
customer_10b6038149,customer,2025-07-25,bank_7ae1f7f15d
customer_446f0b96d4,customer,2025-05-27,bank_e7138449fb
customer_73691018cb,customer,2025-01-16,bank_57a4ae5a0f
customer_4ff6c70084,customer,2025-10-22,bank_26f2241372
customer_2235dacc82,customer,2024-09-26,bank_447a72a340
customer_23e87ff121,customer,2025-11-02,bank_532f9fdea2
customer_6a84c59854,customer,2025-03-11,bank_ac07b9a115
customer_bb5ee60d67,customer,2024-11-19,bank_a38ce73cfb
customer_f3aaf2ac5a,customer,2024-06-14,bank_62c26ee8c3
customer_035a95dc7f,customer,2025-06-03,bank_c221edf622
customer_9ba35be386,customer,2025-04-03,bank_40437cc833
customer_756006630a,customer,2025-05-28,bank_e2371a8c4a
customer_775951b01a,customer,2024-09-21,bank_ef6319e253
customer_7e328dfb22,customer,2025-09-01,bank_e69475651d
customer_ccbd68879d,customer,2025-12-30,bank_518938cb44
customer_e88a3a5ca1,customer,2025-11-18,bank_a812c23d43
customer_f440d2ffac,customer,2024-12-02,bank_0734a339a3
customer_d8d9ab350d,customer,2025-12-31,bank_24a6e4a302
customer_79a1437bee,customer,2024-08-09,bank_ffb273afa6
customer_b282dc1e2c,customer,2024-12-27,bank_c9994670ce
customer_206ff3392b,customer,2025-04-13,bank_d8955c35a7
customer_8655b2a360,customer,2024-10-15,bank_af1dcd0388
customer_78ae6fc6bb,customer,2024-06-19,bank_8b7964eded
customer_ddb8c7f7b2,customer,2025-08-20,bank_c9d509bd70
customer_e3c31a28b8,customer,2026-02-06,bank_d06e0ecfce
customer_4de9ffc171,customer,2024-11-06,bank_63f228a020
customer_b01165fc05,customer,2024-09-30,bank_682d7af41a
customer_f87a348f0f,customer,2024-11-29,bank_ceb2e198dd
customer_041e8b4ae6,customer,2024-10-28,bank_d8fd2ae91c
customer_208541f9dc,customer,2025-05-30,bank_13339776de
customer_a2320889e4,customer,2026-01-01,bank_83804236c9
customer_e174126fb1,customer,2024-09-10,bank_0ac7ff5fa0
customer_381784ca9f,customer,2024-11-24,bank_bdb77492a4
customer_66ed4df817,customer,2025-01-21,bank_28ffa9e986
customer_f77248ece2,customer,2025-01-18,bank_46430ea4a9
customer_a36f3cb42a,customer,2024-10-05,bank_929a024453
customer_5b2439efc9,customer,2026-04-08,bank_93c7c61434
customer_83064849f6,customer,2026-04-27,bank_22e33ea4a6
customer_6139dc72ad,customer,2024-09-15,bank_45473648f5
customer_9bbf83c9be,customer,2025-02-21,bank_4e1107dbe8
customer_daae309da6,customer,2024-10-23,bank_b5f6b45bb5
customer_959aa00ccc,customer,2025-01-02,bank_af3f7814f9
customer_fb2ac194f1,customer,2025-03-08,bank_ea35853912
customer_a208aff649,customer,2024-07-13,bank_b016e3a8aa
customer_41cea9b1cf,customer,2025-04-12,bank_13ae33a68d
customer_ca652c07c6,customer,2025-04-09,bank_491a4434c0
customer_0586d73d91,customer,2024-05-31,bank_a0d39348bf
customer_2701862bd3,customer,2025-12-15,bank_164a0d74cb
customer_45fd987ba9,customer,2025-12-30,bank_55ae54fe16
customer_dd67760a43,customer,2025-03-24,bank_dc7d580b45
customer_bf63056130,customer,2025-09-14,bank_8d867639c6
customer_1bbebe1a5b,customer,2025-06-29,bank_4f454fe546
customer_9dd1ee1357,customer,2024-10-20,bank_6d0acaf481
customer_2b39b42608,customer,2025-04-07,bank_29006faff1
customer_5121703e8f,customer,2025-05-11,bank_3bd74c900e
customer_6203094aeb,customer,2026-01-05,bank_501adb8655
customer_66d61c7e39,customer,2025-02-25,bank_b3ecbfea5c
customer_7d32be9ec3,customer,2025-10-01,bank_8453e9ba17
customer_ca381bdee7,customer,2024-08-30,bank_394e733bf6
customer_42339ab839,customer,2024-08-26,bank_eee6c965e8
customer_1948f74824,customer,2026-03-12,bank_23b4b439cc
customer_ecff443546,customer,2025-03-15,bank_cf26128b92
customer_ea5c10d626,customer,2024-10-25,bank_e83891a952
customer_d4f8b7883c,customer,2024-12-01,bank_6857ad2925
customer_00fe1d0617,customer,2024-09-18,bank_49cc2e5894
customer_e148e697de,customer,2024-08-26,bank_f57b4f642c
customer_8f9836bbcc,customer,2025-08-31,bank_a7404ffe49
customer_347fdcfad6,customer,2024-11-13,bank_5129112d7e
customer_a2c2be3a67,customer,2025-06-27,bank_33622db9e9
customer_a49b1b4305,customer,2024-09-02,bank_4849662b5a
customer_91bfb53515,customer,2024-07-28,bank_fd626d256d
customer_21c906f7e7,customer,2024-10-08,bank_9711292f98
customer_a494a7e3ed,customer,2025-05-13,bank_f843b051d4
customer_d8614ba7ff,customer,2025-04-05,bank_208bc6d516
customer_13acce4639,customer,2025-06-08,bank_e22b365b91
customer_55b61706b4,customer,2025-03-08,bank_0d4bc558c4
customer_11e8b5157a,customer,2025-04-10,bank_f556469308
customer_b77aedb638,customer,2025-01-01,bank_b6b645357b
customer_5d194db73c,customer,2025-06-27,bank_50de350fb0
customer_e2db54a4ec,customer,2025-01-11,bank_25252ad758
customer_98558963a9,customer,2025-03-04,bank_eccde5d25f
customer_6ee4804f4f,customer,2024-11-04,bank_fb6fc3e813
customer_bf8276d31e,customer,2025-08-25,bank_a0699fb146
customer_36608b8db8,customer,2025-05-27,bank_24c9b8bba8
customer_be94462b5c,customer,2025-04-16,bank_e06955e7dc
customer_68dc6ee00d,customer,2025-10-17,bank_a2e992272f
customer_a4b79d1d6c,customer,2025-04-09,bank_2b877cafb1
customer_7e1d327dc1,customer,2024-08-21,bank_32c023eed9
customer_26cd22c1c2,customer,2025-10-20,bank_4cc71738ec
customer_d6be2274a4,customer,2024-06-12,bank_6f92dfe055
customer_9fd37476d6,customer,2025-09-29,bank_dc0428933e
customer_7246b0e789,customer,2026-04-15,bank_1ee533802b
customer_3b0dd035fe,customer,2024-12-26,bank_362a4540c5
customer_3826b43a5d,customer,2024-08-20,bank_b3c4dce8be
customer_0861f0e2ae,customer,2025-03-20,bank_ef8028f64d
customer_a150336fbe,customer,2025-06-05,bank_c5aa019c63
customer_21f0904bfc,customer,2025-01-08,bank_c1c16c5673
customer_0a0cac9fcf,customer,2025-04-28,bank_5b7e8f9c1a
customer_79ad1bbcea,customer,2025-04-27,bank_21f48d31a8
customer_84e57e1ba3,customer,2026-01-20,bank_e758cf3c8f
customer_b005a2fd0a,customer,2025-01-05,bank_77f69f54b2
customer_9f921f5ccc,customer,2025-04-16,bank_268d54f8fc
customer_146d184d4b,customer,2024-10-01,bank_cd3ffd5a57
customer_cb4431315b,customer,2025-08-06,bank_d480ccfb72
customer_1af7a4319a,customer,2025-02-27,bank_583c79219f
customer_27db5b0296,customer,2025-10-12,bank_dfa64911bf
customer_1d46859e6b,customer,2025-04-07,bank_02ab96b4d1
customer_6aee7c9d45,customer,2024-12-05,bank_0c55bed1a8
customer_9a67c804e8,customer,2025-05-20,bank_a904a2f1e1
customer_efe60f9f62,customer,2024-07-12,bank_ab9101484e
customer_374f49897a,customer,2025-01-14,bank_4d49aa4c41
customer_6b280ba063,customer,2025-11-08,bank_b416d76f68
customer_1fe2c89da8,customer,2024-10-18,bank_e01e5bb011
customer_b176c29713,customer,2024-07-12,bank_ffd85de699
customer_1ad148249a,customer,2026-03-27,bank_67629f67f1
customer_5aaebb2ad4,customer,2026-03-12,bank_909e3291db
customer_3bf79138af,customer,2025-03-04,bank_4ed4a4e2f2
customer_8eb47e332b,customer,2026-02-20,bank_3b6f11dc4b
customer_a6a29afd31,customer,2026-04-21,bank_a42afec79d
customer_daf7c5b48b,customer,2025-01-19,bank_d61a272882
customer_4dcb3b13fd,customer,2024-08-06,bank_f909cdeeac
customer_cf1e17e953,customer,2024-12-22,bank_2612e05b9a
customer_f02b7268b3,customer,2026-04-14,bank_13a3bc0fdb
customer_862cd59ef2,customer,2024-10-13,bank_748acebdea
customer_b4e1c9e1cb,customer,2026-04-13,bank_cdb2432075
customer_2c1c107ab2,customer,2025-07-23,bank_e2c4fa0661
customer_4c6d01a4bb,customer,2026-04-13,bank_fce3ca3472
customer_7c4ad26042,customer,2024-06-09,bank_2fbfeb1790
customer_59d2e63d9c,customer,2026-01-11,bank_cdb48c41ff
customer_47a7c224a7,customer,2025-11-29,bank_dcf74b3d93
customer_7a23eb83e0,customer,2024-11-07,bank_8657fc1bbe
customer_2cc61304c6,customer,2025-07-31,bank_fcf2e74c12
customer_be5d81b47f,customer,2025-04-13,bank_bbf73dc823
customer_c4694a0803,customer,2025-08-24,bank_88a63ac3d6
customer_8f30db9d38,customer,2025-06-27,bank_72e05aee84
customer_2f94f75a89,customer,2024-06-30,bank_d419bc595d
customer_df8b8d6515,customer,2026-01-25,bank_08eb1672dc
customer_dbb5eb7c58,customer,2025-04-09,bank_1fac942f5b
customer_066a5cfae8,customer,2026-03-04,bank_8035af370f
customer_72789ff97a,customer,2025-11-06,bank_a8632ef9fd
customer_7d1916f998,customer,2025-02-10,bank_a88e2b0635
customer_3c4819e849,customer,2024-09-28,bank_893c814694
customer_36cb36a363,customer,2026-03-18,bank_900ec9f07a
customer_405e42bc2f,customer,2024-09-27,bank_ba3c3a7829
customer_7640151c34,customer,2026-02-13,bank_e1e663b071
customer_627754fed1,customer,2024-09-30,bank_fa1b912592
customer_1fe756362d,customer,2025-10-29,bank_3e03eb4197
customer_04a50aa270,customer,2025-09-30,bank_3c3b723a77
customer_516845b3dd,customer,2025-03-19,bank_68ec22500a
customer_b016fcbea6,customer,2025-11-15,bank_b2348e5d64
customer_ac07492ed1,customer,2024-09-27,bank_491df0fe12
customer_36d7cdb9e5,customer,2024-10-24,bank_ac97b85fcb
customer_c6075c04eb,customer,2025-12-08,bank_ff7d8191f4
customer_3ba8bff72a,customer,2026-02-09,bank_4a9d6e6ee2
customer_633325abf3,customer,2026-01-20,bank_7e372d324f
customer_957651fe21,customer,2026-02-12,bank_70b04428bd
customer_2f552ee094,customer,2024-08-10,bank_38f72e7699
customer_7fc6e63392,customer,2025-05-31,bank_12e3a75083
customer_71c5544ef2,customer,2025-07-25,bank_8952433a66
customer_d678ff56cf,customer,2024-12-14,bank_c7ee7ab4d0
customer_7af4ffec49,customer,2024-10-11,bank_040c6d8d63
customer_c355a89572,customer,2025-10-22,bank_6fe4dbbbf1
customer_cf41dbae82,customer,2025-04-06,bank_fb5d8deaac
customer_fdc77cab1f,customer,2025-07-02,bank_79f7c1a794
customer_9fadb5c8e8,customer,2026-02-14,bank_30a75e589c
customer_1a8b1a33c7,customer,2025-11-24,bank_43191e8b36
customer_124ba930b0,customer,2025-03-28,bank_7ee5fe1de0
customer_7f4ad77fe6,customer,2026-01-27,bank_7a875cd444
customer_2503aac9b7,customer,2025-01-30,bank_2f47f1d7a8
customer_b457fff9f5,customer,2026-01-16,bank_2fe879ab02
customer_ae66353977,customer,2025-10-21,bank_d6003c6fda
customer_572d4a9ed0,customer,2024-10-07,bank_6228e23430
customer_97dbcfeaf3,customer,2025-03-09,bank_d6f48688ff
customer_1164c1cd67,customer,2026-01-29,bank_4424517e9c
customer_87a11bc5c3,customer,2026-01-25,bank_0c7d72399e
customer_400b12629f,customer,2025-04-01,bank_dc717a57c2
customer_24905942ff,customer,2025-03-03,bank_137ac8facd
customer_85e34b74e5,customer,2024-10-05,bank_93c010ecc8
customer_3c1faa0562,customer,2025-11-08,bank_d28dca828a
customer_364103b190,customer,2025-11-08,bank_7bb0a3aabd
customer_361ec6e4ad,customer,2025-06-26,bank_a4375fea3c
customer_2195acda94,customer,2025-12-02,bank_2389db0389
customer_a9d583f97d,customer,2025-02-09,bank_d82789ccaf
customer_b83d5486f1,customer,2024-12-21,bank_63b6d00947
customer_157abdd656,customer,2025-04-26,bank_28a0c80e8c
customer_0863bc76dd,customer,2024-07-29,bank_1419f30d5f
customer_88f34f6469,customer,2024-08-07,bank_2f65a1d7f3
customer_b2fbd37da6,customer,2025-12-13,bank_0ad5e592b9
customer_6e3178049f,customer,2025-05-25,bank_f7e1d8ef07
customer_aec648f994,customer,2025-05-28,bank_81e9d636bd
customer_1f53540f3c,customer,2024-07-03,bank_2c5986a919
customer_bbfe49016c,customer,2025-06-27,bank_239e878d7e
customer_4d51cdfc6d,customer,2025-10-07,bank_e5e4432ddb
customer_d86255d2b5,customer,2025-03-19,bank_846c821c51
customer_9ca7d74664,customer,2024-07-21,bank_5ad6d2f100
customer_aab8f9342c,customer,2025-08-25,bank_6ad19c2c45
customer_0c99194472,customer,2025-07-17,bank_6a885685e6
customer_700a7c4346,customer,2025-04-22,bank_0213a80858
customer_65643873c6,customer,2025-10-08,bank_05929b8902
customer_5153817f3b,customer,2024-06-01,bank_cf6957f7f3
customer_71de4f7c81,customer,2026-04-03,bank_77ff4ba414
customer_8385d72fff,customer,2025-09-28,bank_df02cdc56d
customer_9963f98c3d,customer,2026-02-19,bank_03e6c9b69f
customer_1e364ee7c9,customer,2024-12-05,bank_148377a7bc
customer_1ab87d1687,customer,2025-06-24,bank_f1034b4a5e
customer_c15c4f5a60,customer,2024-06-25,bank_b42d416964
customer_f358e0fbeb,customer,2025-02-21,bank_8c66d9157d
customer_df0e91f46e,customer,2026-02-14,bank_e11375ac85
customer_fbd8af45bb,customer,2024-12-26,bank_299e23bef0
customer_aefe97a80b,customer,2024-10-30,bank_55ef22866e
customer_ca93b8418d,customer,2025-02-26,bank_09fe296a09
customer_ee85040257,customer,2025-04-27,bank_6cee1c21e6
customer_c346340b9e,customer,2024-08-30,bank_fe3c6b212c
customer_a65ba4a88d,customer,2025-08-19,bank_55c46e23e2
customer_f4743ee83e,customer,2024-07-07,bank_77e5613ef0
customer_50c3daa2ef,customer,2024-10-01,bank_72479de21d
customer_0a172a00cd,customer,2025-03-17,bank_cd49f220f2
customer_c03df3f0c7,customer,2025-02-14,bank_ce672774a0
customer_4012b025da,customer,2025-08-09,bank_2ffc9d31c6
customer_df9a05a800,customer,2024-11-15,bank_b1d994f7d2
customer_cce01c144f,customer,2024-09-18,bank_a7fed10e83
customer_ce23fd5ce3,customer,2025-04-12,bank_eedac21b3e
customer_fb56f00eef,customer,2024-09-05,bank_8d400bea02
customer_1dd49da77a,customer,2025-11-27,bank_d177658d71
customer_f538203b72,customer,2024-12-22,bank_5e0a008fec
customer_749a39fda8,customer,2025-03-01,bank_7ee3883ece
customer_1b779bac85,customer,2025-12-06,bank_9d242d9efa
customer_0a8423c0a8,customer,2025-01-19,bank_d15be91a91
customer_072350cd03,customer,2024-11-13,bank_a6a24785e1
customer_b269d74992,customer,2024-12-29,bank_19c22fc621
customer_189528e01f,customer,2025-01-22,bank_909063a566
customer_4677373f87,customer,2026-03-16,bank_38449f8059
customer_5a9013d6c8,customer,2026-01-03,bank_4f3da04cb6
customer_a67c9f1157,customer,2026-01-09,bank_7a5fea1e99
customer_126d65e979,customer,2025-08-24,bank_125a96b620
customer_1e5cdd9164,customer,2024-10-12,bank_6a6c7ad54f
customer_92d7c32fde,customer,2025-02-18,bank_99bbd1cc0f
customer_2df6996c2e,customer,2025-03-12,bank_47aa4c693f
customer_34f5ccc65a,customer,2024-07-14,bank_e051d53358
customer_9224772dd9,customer,2026-04-01,bank_4d5d443f48
customer_a5ed1e2e26,customer,2025-10-10,bank_55018f9a06
customer_6ad4a8d661,customer,2025-03-28,bank_2c990921dc
customer_44e9243dfa,customer,2025-09-23,bank_7d8b12c8b2
customer_0214bdcb23,customer,2026-02-25,bank_4ff1f14576
customer_356ea11d95,customer,2025-10-21,bank_4779033596
customer_8512f7bef8,customer,2025-10-11,bank_6468ea8080
customer_b525dfb91a,customer,2024-06-13,bank_3981b42988
customer_95903219b8,customer,2024-07-15,bank_503a16d286
customer_1dba719824,customer,2025-03-29,bank_71cd7ebf89
customer_d0ea3c0800,customer,2026-01-04,bank_8fc76074b7
customer_f0a9184c55,customer,2025-01-17,bank_0f0f0fe1a9
customer_641ce8d98d,customer,2025-06-30,bank_5712e4ecef
customer_de0ff5f573,customer,2026-02-03,bank_c20d1c131d
customer_3ca73779c4,customer,2025-12-31,bank_b684ca06ef
customer_a9b5719917,customer,2026-01-01,bank_2f37d8c987
customer_711daf6afe,customer,2025-12-07,bank_1d42b2e86b
customer_ba9ca28bb4,customer,2025-02-26,bank_25f47b6893
customer_b19ffcfd31,customer,2024-09-19,bank_a52dfee2e7
customer_94a2e7dcb1,customer,2024-12-18,bank_6e1349bf5c
customer_d8174bf15c,customer,2024-07-09,bank_d9207eda1e
customer_1306e08259,customer,2025-11-11,bank_2030841e7f
customer_e22b898e68,customer,2025-12-08,bank_48c635e606
customer_1560234824,customer,2025-01-24,bank_286b92842a
customer_010a9d26c4,customer,2026-04-21,bank_51018241de
customer_4546971902,customer,2025-04-02,bank_1b2464dc83
customer_b12262be07,customer,2024-07-01,bank_305a56d453
customer_c127547ae6,customer,2024-12-13,bank_c340a46335
customer_88ea2a89c9,customer,2025-01-31,bank_0349d65e2c
customer_e99e08a2e2,customer,2026-02-05,bank_d5bff35a17
customer_e98790d46e,customer,2025-07-05,bank_692792641c
customer_35a327cf90,customer,2024-10-27,bank_b015293ce1
customer_fbc0b07391,customer,2025-01-17,bank_eb6d802964
customer_2f09aa56c4,customer,2024-11-23,bank_53ff3d1530
customer_d32b4fc713,customer,2026-01-04,bank_11214867ff
customer_d176087827,customer,2025-04-20,bank_55e8f3ddcc
customer_129893ce66,customer,2025-02-03,bank_1c8b3bf0a2
customer_95e87e042e,customer,2025-02-19,bank_207fa64bd6
customer_7aab19cec4,customer,2025-08-20,bank_b404e36fec
customer_6b9fbe247d,customer,2025-01-25,bank_fbd9d7b2cd
customer_0d1fff75e2,customer,2025-02-05,bank_631081cbed
customer_282d3b20bc,customer,2024-09-05,bank_d90b743e8b
customer_c1040832ff,customer,2024-08-14,bank_f7aae399b6
customer_39b0801764,customer,2024-08-08,bank_6781ccd3bc
customer_d9782b5763,customer,2026-03-01,bank_88245f4c29
customer_9af7adcefb,customer,2024-11-01,bank_3770670393
customer_c3ce03fb1a,customer,2024-10-26,bank_03038f54df
customer_c69f55cde7,customer,2025-07-05,bank_3fed772106
customer_99fa4ada74,customer,2025-07-31,bank_4a378ab51c
customer_ed6437543b,customer,2026-01-23,bank_50300f3338
customer_0ed0c6c9d0,customer,2026-03-01,bank_eac6a96577
customer_b33f96f081,customer,2025-12-22,bank_ee68f6b204
customer_9bb7137ba4,customer,2025-08-18,bank_18c522d83c
customer_f25fc4ef62,customer,2025-06-05,bank_3f345e9653
customer_0e2cb5ac49,customer,2024-12-15,bank_bdbfce8232
customer_b9d80b832d,customer,2024-07-22,bank_c8cd2b2944
customer_6e1f01a0ec,customer,2025-04-11,bank_fedde83147
customer_99ed2119a9,customer,2024-07-21,bank_51f5dc6bfc
customer_72e76c92bf,customer,2025-03-14,bank_562c0c7837
customer_0f7c8e4482,customer,2025-04-18,bank_6827266958
customer_368cdac5f7,customer,2024-09-12,bank_bf061eaf1f
customer_a2ac761eed,customer,2025-01-16,bank_3b9f05d3ac
customer_0728ed5a70,customer,2025-04-29,bank_6c583ea214
customer_ff584e7be8,customer,2025-09-19,bank_e7fac724b4
customer_5ae9200317,customer,2025-07-30,bank_3d36c5e572
customer_f4f46d7fee,customer,2025-05-20,bank_6714f2da84
customer_ef935fd5f3,customer,2025-12-18,bank_620d9c3ee8
customer_1e392ab362,customer,2025-05-14,bank_41ceede241
customer_284c7b71da,customer,2026-03-14,bank_5298719e2d
customer_6bfe6da05b,customer,2026-04-14,bank_40833d1329
customer_9a4e93bc1f,customer,2025-02-03,bank_3bd12c2f08
customer_1ded6a18ae,customer,2025-02-16,bank_b76934067e
customer_ac4764ea89,customer,2025-12-16,bank_49a5a162a2
customer_3a76e93cb9,customer,2025-11-19,bank_9df1f95d1c
customer_d252e7b120,customer,2024-06-29,bank_6a8817a494
customer_c78826fe6f,customer,2025-04-15,bank_b039594395
customer_9274e86e6d,customer,2025-11-12,bank_d0484af299
customer_13b2d4e736,customer,2024-07-29,bank_e182cbc2df
customer_9d180cfe0e,customer,2025-09-03,bank_de673e5f25
customer_f7f9544f3f,customer,2026-01-27,bank_d9bd609b99
customer_c21d7ba1fc,customer,2026-04-29,bank_5b0cc92041
customer_6f94b572d8,customer,2025-12-16,bank_291e11f4fa
customer_3e3fe6fe2f,customer,2024-11-15,bank_504d406d3c
customer_6d324d8533,customer,2026-04-21,bank_a85d450860
customer_c802cfe959,customer,2025-05-14,bank_c0c9617bff
customer_1b97a9ebb2,customer,2025-02-22,bank_0549df0ebd
customer_4174492ae0,customer,2024-12-27,bank_8c846dde54
customer_dcc00b4e56,customer,2025-04-03,bank_4801b9daef
customer_3d369b2842,customer,2026-01-16,bank_75e50c1481
customer_057e4fb0dc,customer,2025-04-19,bank_1b02eab8e3
customer_1c4c9f4c74,customer,2025-12-15,bank_2e86eba25e
customer_d0a0e62ac9,customer,2025-12-05,bank_eb3b0c9734
customer_412b61b49e,customer,2024-10-01,bank_a75ff523ae
customer_ee2708d2e7,customer,2025-11-13,bank_5c135a78a4
customer_467b911aca,customer,2025-09-24,bank_cf317348a3
customer_6f6028babc,customer,2025-03-05,bank_a5f42db446
customer_b375e429e6,customer,2025-02-01,bank_fc3ba2d74c
customer_c8e00c4bcc,customer,2026-01-18,bank_75bd416ab9
customer_839e4c0e66,customer,2024-09-04,bank_7f810cab61
customer_55b23abc93,customer,2025-05-06,bank_a4ce8fe2e9
customer_5d6273645c,customer,2025-08-20,bank_3a80e66305
customer_2efb8e075b,customer,2026-02-03,bank_f668f85de4
customer_748628c234,customer,2024-08-23,bank_2b4544ba0b
customer_17a102e474,customer,2024-08-16,bank_e5933508d7
customer_4449e0181b,customer,2026-04-03,bank_439f05f443
customer_1cb8d05d84,customer,2025-10-02,bank_c6c9af2b79
customer_af33280802,customer,2024-11-25,bank_95baaab345
customer_70059ec595,customer,2025-07-02,bank_290e1bd54f
customer_31df5c7bb0,customer,2025-08-28,bank_0cb5154b11
customer_367f364fe5,customer,2026-01-05,bank_a7f96a204b
customer_4a0aff64cb,customer,2024-08-30,bank_0df0034ffd
customer_f24cc08e09,customer,2026-04-18,bank_e18f9043a3
customer_5c2a6630ad,customer,2025-12-16,bank_efab0ba829
customer_82071aefc3,customer,2025-04-21,bank_b6316c4ae3
customer_9492cd29d6,customer,2025-01-03,bank_c38479273d
customer_1217cbffd1,customer,2026-04-13,bank_a796d0f4a0
customer_592c2e7613,customer,2025-08-05,bank_ce1d2302d8
customer_016d046e7e,customer,2026-02-28,bank_03fd343a90
customer_18b861346b,customer,2024-11-28,bank_9de708d015
customer_8065153f2c,customer,2024-12-03,bank_a81f4a48d3
customer_4d71b57228,customer,2025-02-21,bank_dee42142f2
customer_5feb88b158,customer,2026-02-05,bank_5ef5cc7ec6
customer_abdc4ac9c7,customer,2024-10-27,bank_e6c74c8954
customer_a63f9c9ec6,customer,2026-02-04,bank_cc4c463942
customer_548f4a5c91,customer,2024-11-23,bank_177174505e
customer_636a158328,customer,2024-10-28,bank_5bf3b6e954
customer_9f41fbe8cf,customer,2024-09-07,bank_0f4934a483
customer_c84c65feed,customer,2024-06-02,bank_fee8cf385c
customer_48cea1bacf,customer,2025-02-07,bank_6a3a16bfef
customer_5d41f0069e,customer,2025-08-23,bank_b1d770f80b
customer_57dce57209,customer,2026-01-02,bank_0c6cf2b3d2
customer_1e2ede68f5,customer,2024-08-15,bank_e114d9ec48
customer_01cf253cd2,customer,2024-06-17,bank_cebb648f3e
customer_4ea6353889,customer,2025-11-02,bank_884f84dda2
customer_2baa94dc47,customer,2025-12-11,bank_11a6da8a6e
customer_a993da6f4b,customer,2024-12-08,bank_f3a1ed79a0
customer_9b5813b1cd,customer,2024-11-17,bank_5654bc98e5
customer_19f01d1a84,customer,2025-08-08,bank_8157a4330c
customer_694577e4cc,customer,2025-12-22,bank_4057d0580f
customer_577deeda92,customer,2025-12-31,bank_98c486194b
customer_6472d7d9ca,customer,2025-05-22,bank_5d11a15f9e
customer_e66567ccfb,customer,2025-07-26,bank_c2bc05da6d
customer_0762024e9c,customer,2024-09-17,bank_dae3c0b110
customer_b58e9cb272,customer,2024-12-08,bank_3cbec82d6f
customer_b557bb12b1,customer,2025-04-27,bank_c70aed09f9
customer_4049be6dda,customer,2025-11-11,bank_d89c1d9991
customer_7ddb919917,customer,2025-08-12,bank_8803191e6b
customer_d6b3e38464,customer,2024-09-20,bank_8918f6f0c6
customer_c8230b053e,customer,2026-01-02,bank_1348345982
customer_37795bf5e2,customer,2026-04-28,bank_d01e3974a2
customer_986a7a42da,customer,2026-03-14,bank_bb3d74942e
customer_21ac3dba8d,customer,2025-11-28,bank_1f83f013c1
customer_e75e6f56b4,customer,2024-06-28,bank_a795050397
customer_82b97a04db,customer,2025-08-19,bank_c550585a0a
customer_e4dc129de5,customer,2025-07-27,bank_1cf7b0d6da
customer_892a6facf4,customer,2025-04-14,bank_c9daecac3b
customer_c818d3db63,customer,2024-06-10,bank_27f110af93
customer_13c387dfbf,customer,2025-09-14,bank_1039cc69a4
customer_2ab247be3f,customer,2026-03-14,bank_587ec7dfba
customer_cf1a0fa3e7,customer,2025-07-15,bank_460c43693b
customer_1cf0c5e1b2,customer,2025-05-30,bank_c5d730c4cf
customer_287c7838e9,customer,2025-01-18,bank_805bc54146
customer_d52333640c,customer,2025-10-07,bank_5a08da3bf0
customer_32cefa0a09,customer,2024-08-01,bank_1530dcc2c2
customer_2e8ccefdd0,customer,2025-04-18,bank_2e6670d2a4
customer_9c08908eb3,customer,2025-10-12,bank_187f9ad947
customer_aabcf95aa0,customer,2025-08-22,bank_ff86a2ac38
customer_291c85c72d,customer,2025-03-07,bank_5898d3adbb
customer_86cadbda5a,customer,2024-07-18,bank_6c9b15ed0a
customer_3fb42c1170,customer,2025-05-22,bank_efa7dd22c2
customer_4d0aea7883,customer,2025-04-10,bank_7684fd76a3
customer_e0abbd449b,customer,2025-06-20,bank_e6d04926b3
customer_76515b9dd1,customer,2024-11-04,bank_01789bfe4e
customer_e2459392ff,customer,2026-02-28,bank_3b915d0d79
customer_dfdedfa046,customer,2026-01-25,bank_6936577310
customer_cf6619bc1f,customer,2025-03-04,bank_b2e348d7fd
customer_e599726e30,customer,2025-01-16,bank_0b557d2b4a
customer_10599c2533,customer,2024-09-13,bank_a17e6b63c3
customer_02467f77c8,customer,2024-07-17,bank_8104af668a
customer_e6cfef7e10,customer,2024-09-01,bank_4cfda4ba4c
customer_1d4b5c3316,customer,2024-06-21,bank_6c3a757d6f
customer_97d79a967a,customer,2025-08-06,bank_f1e40e4290
customer_9d4bc9189b,customer,2025-05-31,bank_565b9d4784
customer_34761e5779,customer,2025-07-26,bank_0442de24e0
customer_7a70e7d7dd,customer,2025-10-05,bank_8d668763f1
customer_f88435f4d9,customer,2026-01-09,bank_09f643d7f7
customer_c62d00e011,customer,2025-01-25,bank_4f0bd87700
customer_d893c0bf8f,customer,2025-12-28,bank_75792a1524
customer_2a860689d7,customer,2025-09-30,bank_e49804c886
customer_2085f061de,customer,2025-08-02,bank_4eb0e7c0d9
customer_f7d6d1c4e9,customer,2025-11-20,bank_3fb10c3f24
customer_537c7c67f8,customer,2024-08-21,bank_428359cfa2
customer_1dcf1071ac,customer,2025-11-30,bank_35f3e22b88
customer_8ab6146d8a,customer,2025-05-01,bank_adfb481338
customer_ae6fbb7f69,customer,2026-03-11,bank_27184672d4
customer_911ee92bd6,customer,2025-11-03,bank_a2f7369931
customer_bed4989d42,customer,2025-01-22,bank_7e1e3a2f60
customer_6c51bee639,customer,2025-08-18,bank_671d6fa55c
customer_813afb04eb,customer,2026-01-16,bank_9068c4cc59
customer_b82e5b914d,customer,2025-12-27,bank_59c780af12
customer_77629e0de9,customer,2025-09-15,bank_0f7cdd0007
customer_54e839a9fe,customer,2025-04-14,bank_92ee050f27
customer_21d598c8c8,customer,2026-02-03,bank_3b9f80843f
customer_760b599c4f,customer,2026-02-13,bank_d9826ceca2
customer_c85aaaeddc,customer,2025-10-10,bank_64108e8277
customer_135671426c,customer,2026-01-26,bank_2401893bda
customer_787dd2dabe,customer,2025-12-26,bank_5d66d4cd1f
customer_7ad8aee44c,customer,2026-03-10,bank_6df08b4e04
customer_fba0036d1c,customer,2025-02-11,bank_c2b62c1cd8
customer_99e7538e70,customer,2025-03-22,bank_5c4e0d27ec
customer_2d4edb7bd3,customer,2025-04-04,bank_d21fc3b97c
customer_bd1df50b98,customer,2025-11-05,bank_ae393db6c2
customer_92b3248b73,customer,2025-10-21,bank_4c2d235442
customer_ad388e4162,customer,2025-01-29,bank_b114f5b4b3
customer_64b7aa827f,customer,2024-08-04,bank_e512a6d79e
customer_5ca582de55,customer,2025-07-02,bank_5439cca875
customer_9ebe2852af,customer,2024-10-14,bank_a78b6e8749
customer_ad58266264,customer,2026-01-31,bank_c48bab4b20
customer_a70f219fbe,customer,2025-12-11,bank_9be5e9bc49
customer_c0e5f2d1ba,customer,2024-07-11,bank_60122e609b
customer_87329ad7a8,customer,2025-08-18,bank_a511fdc132
customer_fb6d904c30,customer,2026-04-11,bank_cc949b8248
customer_f7ccaa6cd7,customer,2024-12-25,bank_ad7a2cd86a
customer_080dcfa5b4,customer,2024-09-28,bank_80665a5ac2
customer_21bff2fe38,customer,2025-03-29,bank_86e34661d4
customer_dcf0e6e1e4,customer,2026-04-04,bank_b5934d39a5
customer_983f898303,customer,2026-03-31,bank_2c5ac41cca
customer_e19f4a7e54,customer,2026-03-02,bank_eb6c068cd2
customer_99804cf8a7,customer,2025-04-29,bank_939d729c57
customer_3af11f2afc,customer,2025-09-04,bank_1b89e51624
customer_a5ce2de381,customer,2025-08-20,bank_5a6d7530e9
customer_38dcc60eda,customer,2025-08-01,bank_d85323ab7d
customer_8bf9dfe401,customer,2025-09-18,bank_60f3eb0257
customer_a2d8230814,customer,2025-11-04,bank_99e8d7a880
customer_94b7b109e9,customer,2024-09-01,bank_a0612af424
customer_7b2843f7fb,customer,2025-04-28,bank_62809b7527
customer_19d210550b,customer,2025-05-05,bank_a56ecff920
customer_cd706a6c3a,customer,2025-12-06,bank_c2f8503d0e
customer_cc6d5a8fa2,customer,2024-12-12,bank_98e974a7f9
customer_9677c0002e,customer,2025-11-02,bank_6485248b47
customer_cec1f240da,customer,2026-01-28,bank_652887568e
customer_7fcb3887b2,customer,2024-08-22,bank_0c6d1bfb58
customer_03479028d8,customer,2024-11-07,bank_8799cdc969
customer_d26d227c4f,customer,2025-05-26,bank_eec390200f
customer_f57ac07353,customer,2025-12-18,bank_a6c0cc3d8b
customer_75d0a69fdd,customer,2025-10-31,bank_eb09f6c194
customer_c4c370975f,customer,2026-03-01,bank_c22603211c
customer_f7d322fcb0,customer,2024-09-07,bank_0c3d902f47
customer_d3188fb84b,customer,2024-11-08,bank_417a9351de
customer_1640ffc3e6,customer,2024-06-21,bank_8a2cd5950f
customer_013479041d,customer,2025-05-21,bank_7899de7e07
customer_c08692294a,customer,2025-12-12,bank_ae1863f083
customer_886bfd4e83,customer,2025-02-07,bank_d30672d554
customer_6aab5f73c5,customer,2024-12-18,bank_68c375ace5
customer_db60cb2d79,customer,2025-11-03,bank_2a18551936
customer_ac6ec96ae8,customer,2024-08-10,bank_7efc099e71
customer_727df71dc6,customer,2024-06-18,bank_bcbd5a7b05
customer_6db3bc159f,customer,2025-04-08,bank_dd17212f85
customer_e896d67213,customer,2025-07-03,bank_13768f2d25
customer_dbb10acb93,customer,2026-04-29,bank_0cb3a7bc2e
customer_b789321f4b,customer,2025-03-26,bank_e09fe4fae9
customer_8b960f210e,customer,2025-10-26,bank_872e916c51
customer_207abc0a52,customer,2024-08-12,bank_dd384d18bc
customer_b057f96eb7,customer,2024-09-28,bank_752f19457e
customer_a1dc3e34e8,customer,2025-12-07,bank_f548aceacb
customer_acec61adfe,customer,2025-08-30,bank_16494f0020
customer_6f0620cdc4,customer,2024-07-18,bank_1f703cc537
customer_576eb7c19b,customer,2024-06-13,bank_821fa37278
customer_a6442a165b,customer,2025-01-28,bank_4c68d80108
customer_8f831a844a,customer,2025-09-28,bank_10a227c020
customer_bcca525caa,customer,2026-02-20,bank_e2a92e336f
customer_54e3c13aeb,customer,2026-01-10,bank_1036ad491f
customer_a682995790,customer,2026-03-12,bank_e6c98ed937
customer_7d34d20ccd,customer,2025-02-25,bank_431a2fa6a1
customer_34d672d4db,customer,2024-12-12,bank_3c82b3a334
customer_b9a4f6a915,customer,2025-04-11,bank_3e3f6061ed
customer_a698405aaa,customer,2024-09-16,bank_efca61adf9
customer_d8dac9d165,customer,2025-09-12,bank_9d6559d82a
customer_525d3587ca,customer,2026-03-27,bank_1dc1f2ae95
customer_0d568c8e46,customer,2025-06-08,bank_492c6178c2
customer_b631c71988,customer,2026-02-14,bank_8ee3de5fe5
customer_348b3596cb,customer,2025-04-11,bank_8fb2d26f86
customer_f621967b5c,customer,2026-02-13,bank_3cf9b9bc28
customer_35e121a537,customer,2025-05-19,bank_12a943249d
customer_25be654765,customer,2024-12-22,bank_34a4db2f29
customer_adff47f0fc,customer,2024-06-30,bank_061f09eae6
customer_d404f4a814,customer,2025-02-10,bank_12cb8797f9
customer_a3b4b50603,customer,2026-01-17,bank_380d7cfbcc
customer_304b9baaa8,customer,2025-03-07,bank_37803795d9
customer_6f77874712,customer,2024-10-24,bank_5826c85cfb
customer_24170955de,customer,2025-06-30,bank_2e00dd3ff5
customer_bfbf2bf703,customer,2026-03-11,bank_be5ba9aa8b
customer_f3c7edbe7d,customer,2024-10-15,bank_302e50382b
customer_3a11dc34e6,customer,2026-03-06,bank_f649fbb4ff
customer_8e2adae74e,customer,2025-02-17,bank_edbe41cf59
customer_922734b803,customer,2024-06-22,bank_6f4cc11333
customer_edf6a71ef0,customer,2025-10-08,bank_c0cbbb287e
customer_bb7715d1c6,customer,2025-10-01,bank_1fe12b0292
customer_4fa6554f2d,customer,2026-02-06,bank_9566fbd071
customer_a220db4a43,customer,2025-06-19,bank_d028a6ecb9
customer_bc4a2233cf,customer,2025-01-03,bank_06f18baee6
customer_7ef7a7b360,customer,2025-08-02,bank_ba2398e0c6
customer_40acce4f7d,customer,2024-10-20,bank_377b20185a
customer_5184fb55b0,customer,2025-04-16,bank_ae5b5281c5
customer_5dccdb2f51,customer,2025-01-29,bank_ca6816ea73
customer_2d98457aad,customer,2025-01-09,bank_19f5cf2510
customer_ac06aac459,customer,2024-09-30,bank_764d16b5ae
customer_e70f9b1e1b,customer,2024-06-16,bank_60ee30f0c4
customer_e05f564dd6,customer,2024-06-15,bank_18d8159578
customer_c545dcbf7c,customer,2025-03-03,bank_4bc2f4ad44
customer_9f2ae93b22,customer,2025-09-10,bank_dd455bd798
customer_ff7d7d23f8,customer,2025-03-30,bank_3dafdf14c4
customer_b3b7d7cc77,customer,2025-02-26,bank_93fb06da36
customer_074574c42b,customer,2024-12-30,bank_a4f7960527
customer_ab86a9a542,customer,2024-12-29,bank_06754cd969
customer_788e4936a0,customer,2026-03-26,bank_db506feedc
customer_2084610732,customer,2024-09-22,bank_9b5c18d0c8
customer_02313b9db5,customer,2025-12-01,bank_2e991af5bf
customer_3ccee1ced6,customer,2025-11-04,bank_50c310c2e9
customer_f607b2bbca,customer,2025-10-15,bank_caa5b2a452
customer_dca4270b95,customer,2026-02-09,bank_7c6f29ddb4
customer_55a2b796dc,customer,2025-10-06,bank_70ddfcb1b3
customer_0707e1fab5,customer,2025-11-30,bank_cd28e13835
customer_10eaa0da2f,customer,2025-06-07,bank_df3e24011f
customer_34e5603546,customer,2026-01-31,bank_7614054c57
customer_f16a2171fd,customer,2025-03-20,bank_3f6d366c4f
customer_144735354a,customer,2025-07-22,bank_373c851407
customer_2c32d26622,customer,2026-04-18,bank_dfdadd077c
customer_c73e912f19,customer,2024-09-06,bank_652e2016e0
customer_bfc0a30030,customer,2026-01-05,bank_a2116cacb1
customer_9a96943d6c,customer,2024-09-27,bank_1c9c34e73a
customer_0893ce079e,customer,2026-01-12,bank_2469412434
customer_934dc6ddca,customer,2024-10-29,bank_0c69de586c
customer_2b0cc8664a,customer,2025-04-03,bank_51843a025e
customer_434424de8e,customer,2024-09-22,bank_2754518d3e
customer_b05beef077,customer,2026-03-23,bank_3366ef30d6
customer_aa4f4ef476,customer,2025-03-14,bank_fff553e3c3
customer_c003bda989,customer,2024-06-02,bank_a7ef451dbe
customer_f13cf2cc1d,customer,2025-03-21,bank_1599018534
customer_32aff70dd0,customer,2024-12-30,bank_3faf96c381
customer_9717631e53,customer,2025-05-20,bank_a78b31eb9f
customer_a1f7074a24,customer,2025-06-16,bank_b85b69a331
customer_4730f62466,customer,2026-01-20,bank_c4603277e2
customer_1ac5fafae9,customer,2025-06-27,bank_2f4bc339b9
customer_4cb9e99140,customer,2025-06-06,bank_2c8da23cde
customer_ba046a4161,customer,2025-02-28,bank_d9103d642f
customer_7ab4a8b4e3,customer,2026-01-29,bank_188dfaf563
customer_f1d418f02b,customer,2025-09-26,bank_57dd4ac391
customer_3504894272,customer,2024-11-18,bank_377455313a
customer_5eb689f434,customer,2024-11-19,bank_d1da8c8155
customer_1df80727a2,customer,2025-06-16,bank_c5c18cd337
customer_303a9ee7bc,customer,2025-03-13,bank_fe49b36db8
customer_3950a20d60,customer,2024-09-25,bank_8591f74182
customer_11528403cc,customer,2025-10-15,bank_793a54998a
customer_9e795ef6f3,customer,2025-08-18,bank_66509883c1
customer_27def1720d,customer,2025-04-26,bank_bcfe7ca27a
customer_58274d1c9f,customer,2025-04-18,bank_1af63077f1
customer_058bf2000d,customer,2024-11-29,bank_12a54137df
customer_931f524a8c,customer,2025-12-25,bank_fb105d774d
customer_66c36c408a,customer,2024-12-16,bank_90130b00c7
customer_f34718c05c,customer,2025-10-31,bank_026cb1389b
customer_360fc38919,customer,2024-10-13,bank_5d9718b284
customer_d0a2fb120c,customer,2025-11-14,bank_da46abae26
customer_23f0e6fd31,customer,2026-01-28,bank_304dd4a988
customer_cfdae291e4,customer,2026-03-11,bank_5759c00366
customer_7b5b25f605,customer,2025-09-23,bank_467c69fe7d
customer_9cf3d88687,customer,2025-09-12,bank_ba0d61272d
customer_802ccfdec2,customer,2025-07-29,bank_13a479e603
customer_b56228de0f,customer,2026-04-10,bank_2ae8f8323d
customer_2f607eef2a,customer,2026-04-21,bank_9fb6eb1cd2
customer_a8a7ba6185,customer,2024-07-07,bank_cebb9dd5cd
customer_2e09126a82,customer,2026-04-22,bank_d451fd49b7
customer_8b67073b7b,customer,2024-08-16,bank_9050f2f135
customer_b6f0d36ec5,customer,2024-07-11,bank_4a2b255440
customer_24dc64dd0e,customer,2025-05-08,bank_a14d5af26a
customer_8b17cc607f,customer,2025-09-19,bank_37dbd797e9
customer_d46e3c43e7,customer,2024-06-06,bank_20acc7718b
customer_8f4892fec8,customer,2025-03-20,bank_82a8bc2083
customer_374b6159bc,customer,2024-11-23,bank_593e0967da
customer_279efc858d,customer,2024-10-03,bank_1c4a57aa3c
customer_f07958f66f,customer,2025-07-15,bank_898dc09a2c
customer_0b896db33e,customer,2026-01-10,bank_fb482a009e
customer_1f8602fce5,customer,2025-07-21,bank_7d22f732e8
customer_5e998ba3b2,customer,2025-07-21,bank_ee4c9accfe
customer_1ab1d8f6ba,customer,2024-07-02,bank_09949f2a1e
customer_032e25b98c,customer,2024-11-17,bank_b0cdbcc5a1
customer_d797e52264,customer,2026-03-03,bank_c61f365621
customer_fd5203e1f0,customer,2025-03-13,bank_409b4aad70
customer_d53bb6fa77,customer,2024-06-02,bank_69a18ecf1c
customer_365b6c4eca,customer,2026-04-04,bank_f77701aa90
customer_5c653f7d35,customer,2025-07-02,bank_de82df1da6
customer_69cb0f38d3,customer,2025-03-29,bank_2b81628430
customer_9339e558f5,customer,2024-09-10,bank_46d8e351af
customer_d6dce51637,customer,2025-10-18,bank_bb12d5c377
customer_2981002c74,customer,2025-09-15,bank_5cce298b16
customer_8fde63951e,customer,2024-07-16,bank_fc36589228
customer_f2706cc2b6,customer,2025-04-28,bank_9efb288bcf
customer_916aeb2c3d,customer,2025-11-07,bank_009db04103
customer_6f426c9649,customer,2025-10-27,bank_7c110639ac
customer_1609878e0c,customer,2025-01-03,bank_3ead0d1c6c
customer_11fc9d0dc9,customer,2024-10-05,bank_489e0cfd13
customer_6933f91d0d,customer,2025-05-22,bank_c0c342c08d
customer_a758141c5a,customer,2025-09-15,bank_f4ff1a89c9
customer_9d19e7dcec,customer,2025-06-20,bank_e52b4db2d5
customer_1bf5aba1e8,customer,2025-04-15,bank_220d6f4a5e
customer_5a2adb0410,customer,2025-07-03,bank_b03ae1d44d
customer_5fe2c549c5,customer,2025-01-04,bank_ece84c5661
customer_b30054068d,customer,2024-09-13,bank_6ef7afbdb0
customer_1376e42c8b,customer,2025-01-02,bank_664e4fe08d
customer_6fb672414d,customer,2025-12-29,bank_6d38963837
customer_61e36b6b06,customer,2024-11-04,bank_60d53936e4
customer_dcf3809d25,customer,2026-03-06,bank_a26fc9426f
customer_eff40a2fde,customer,2025-05-15,bank_629315c398
customer_e50ff6a1b4,customer,2025-01-17,bank_0d82f7e185
customer_5b9c235a66,customer,2025-10-28,bank_1f43f3e4e9
customer_7a5b904b99,customer,2025-05-25,bank_058d4db44b
customer_4a9954b502,customer,2024-07-20,bank_8be47076dd
customer_8916bfb548,customer,2025-07-24,bank_ffdc20a946
customer_33e1f5e9e9,customer,2024-09-17,bank_5b5b120d58
customer_afce964c4f,customer,2026-01-30,bank_0edcde3fba
customer_112e230995,customer,2024-07-21,bank_408d4c66e1
customer_489cbb7903,customer,2025-02-15,bank_07a0ee3a26
customer_075c8a9586,customer,2026-03-23,bank_81078d9ea0
customer_2182a40dd7,customer,2025-04-13,bank_bd2abb17cb
customer_1873c90dd8,customer,2024-11-03,bank_4baba773f3
customer_54b44e176b,customer,2024-06-07,bank_bdb26a98e2
customer_514d143828,customer,2025-08-19,bank_13555331a5
customer_c4725c23e1,customer,2025-06-15,bank_d13acdfab0
customer_4db4508c0c,customer,2025-04-03,bank_8d9ae155a0
customer_09e21b2d5c,customer,2025-11-10,bank_e90e2ec55b
customer_0feeb1628a,customer,2025-07-07,bank_eba8771726
customer_c34e82fd70,customer,2024-11-14,bank_bbdab34cac
customer_f610f577ae,customer,2025-02-10,bank_6abd3bf41f
customer_1b31f301ad,customer,2024-12-15,bank_a8771946ae
customer_423bfd9ba3,customer,2025-11-13,bank_5cbe5717cc
customer_a17a9bee5a,customer,2025-09-09,bank_00c0dd14d4
customer_8b9c94ca41,customer,2025-12-17,bank_2e59a6b258
customer_375a868ce0,customer,2024-11-30,bank_3ea103a865
customer_7107e8f949,customer,2025-04-20,bank_1619e7f2d2
customer_c2b55d81c8,customer,2026-03-23,bank_8f8fe323ff
customer_47055f93b9,customer,2024-10-30,bank_a07c16c686
customer_352bdeb84b,customer,2026-03-12,bank_1c0a87e2ae
customer_b596c83b5d,customer,2024-06-30,bank_1dffb27be7
customer_a07c28ec5e,customer,2026-01-02,bank_c5a7168aab
customer_c0fc62a31b,customer,2025-04-06,bank_41e913d5a5
customer_8b1710ddcf,customer,2025-08-15,bank_1046f2bf81
customer_7b0b4b7c3b,customer,2025-11-25,bank_ff2e5d1a76
customer_84e568048a,customer,2024-07-24,bank_f7bf26dae5
customer_a307d902f4,customer,2025-02-24,bank_c766f0c821
customer_aeff6dfa59,customer,2024-06-21,bank_0d41b8555b
customer_1ec0c05675,customer,2024-08-01,bank_4f77ea320b
customer_98810dcb6f,customer,2025-02-26,bank_e69de8bb68
customer_8101cfa9fd,customer,2024-08-06,bank_c422aeb9f4
customer_a7a9854b27,customer,2026-01-04,bank_cab2d6cb14
customer_43f346f0e7,customer,2024-12-07,bank_017abe168c
customer_d8ff1ef799,customer,2025-10-08,bank_c422ea423b
customer_9cd2e57555,customer,2025-10-06,bank_7a745d68a8
customer_ccfbe37a14,customer,2025-03-07,bank_ad62815899
customer_7314f3f3a0,customer,2024-10-16,bank_041be04895
customer_68fc3551a4,customer,2024-12-24,bank_0c69595a1e
customer_7963978a1f,customer,2026-04-28,bank_b5ce33ebb4
customer_a3610bf1f3,customer,2026-01-29,bank_36d0fe5c10
customer_0c1afd02c2,customer,2024-06-14,bank_dafd11f9e2
customer_69555c1151,customer,2026-01-28,bank_6911df02f4
customer_4771b239a1,customer,2026-02-13,bank_aebf620930
customer_6844e29016,customer,2025-08-11,bank_63f5b536ea
customer_e7676b2e7c,customer,2025-01-18,bank_ff797577b5
customer_198350e067,customer,2026-03-10,bank_7d640cadad
customer_42feab04b5,customer,2026-03-21,bank_da0d9e6d1a
customer_1ede282fe8,customer,2024-06-06,bank_49bd971db4
customer_e100930d03,customer,2026-01-02,bank_39ad4d1485
customer_b3ec7c2346,customer,2025-12-10,bank_efd7517736
customer_a4ab3f148f,customer,2025-11-07,bank_ce608ac9be
customer_bf1cc5d2d6,customer,2025-02-06,bank_2b7cc0c12a
customer_08604412af,customer,2026-01-25,bank_029d655ae3
customer_0c2be3dbba,customer,2026-01-04,bank_a5da7fa9d1
customer_b29c885b29,customer,2025-07-26,bank_4fcfac167d
customer_818e1509b2,customer,2025-02-23,bank_ce3c7226a9
customer_450a9570fd,customer,2025-12-16,bank_2da0827126
customer_d75105c59c,customer,2026-03-01,bank_4bd297f38d
customer_9e16b38617,customer,2025-02-28,bank_b545698dd5
customer_4b6c91f47e,customer,2024-09-25,bank_288e46da98
customer_f4cf7c50cf,customer,2025-10-27,bank_b8440d5fbe
customer_4fcf63d7f1,customer,2024-08-12,bank_4be7190f25
customer_1031aba845,customer,2025-12-18,bank_6724c882d5
customer_1834ea176f,customer,2026-01-05,bank_def2684557
customer_ca62f1e330,customer,2026-02-25,bank_06a8ef6f26
customer_2d33fb861f,customer,2025-06-13,bank_451ab6e76d
customer_69dc84cf21,customer,2024-06-05,bank_a7d89237d4
customer_9e8ec2c002,customer,2024-09-29,bank_1cd11cdd71
customer_f1ee293641,customer,2025-05-19,bank_d0bbdda736
customer_9fa0c9fc63,customer,2024-08-05,bank_e7bf0297ba
customer_f643e994da,customer,2024-06-22,bank_530547ad61
customer_4785018bd1,customer,2024-12-23,bank_9ee672cf0b
customer_5a81e60428,customer,2024-06-07,bank_bb3f8174af
customer_eded5738f3,customer,2024-10-06,bank_9c511100d0
customer_7c28b7f759,customer,2026-04-19,bank_0ba4759f04
customer_de04a92318,customer,2024-11-29,bank_c4278cd13e
customer_36ec7e227e,customer,2025-11-12,bank_91a1392830
customer_35dfd6bfc0,customer,2025-06-06,bank_2d0b1de8ca
customer_59e9c35c92,customer,2025-07-20,bank_4b521bb8ec
customer_f877cb8c93,customer,2025-09-14,bank_1928eb4ea1
customer_923a23c973,customer,2025-09-02,bank_832953e6d1
customer_30aa0a14ed,customer,2024-09-21,bank_4de71fef90
customer_0981f1eaeb,customer,2025-01-28,bank_d787f2de99
customer_8e761734f0,customer,2024-12-07,bank_ee03cb5d8f
customer_1791e367cc,customer,2026-04-12,bank_3c744e6291
customer_da855dca96,customer,2025-03-04,bank_90727fc423
customer_732115d51a,customer,2026-04-30,bank_ee21890c23
customer_018120bee4,customer,2024-08-20,bank_08fbeb8110
customer_e60f1af6dc,customer,2025-06-23,bank_99fd62d3c0
customer_3972d714ef,customer,2024-06-29,bank_41d323adcb
customer_71076194a9,customer,2025-05-16,bank_1860ca3ee6
customer_3204a240dc,customer,2025-09-14,bank_2eab9d82bd
customer_8c25e82ec9,customer,2024-10-04,bank_d55c8c9c7a
customer_ecf36b7e4a,customer,2024-08-24,bank_8ec5860725
customer_03f2f175ad,customer,2025-04-23,bank_aa1d9205e0
customer_918241421f,customer,2026-01-04,bank_b3cf23cb7d
customer_9d4d0fc0b1,customer,2025-09-15,bank_eee6704bc2
customer_0ba3b8132d,customer,2025-05-02,bank_d9ea0b2c92
customer_77fbeb0d9e,customer,2025-07-06,bank_88bde84cc7
customer_16350d6ce6,customer,2026-01-12,bank_1cb06c6637
customer_b8f16f4bca,customer,2024-12-12,bank_b3ca03e3fa
customer_a246f0f3b4,customer,2025-03-07,bank_ed84c5085d
customer_a7200dac61,customer,2024-08-13,bank_9f3cea1d8c
customer_142697a2dd,customer,2025-12-28,bank_14ea9f89a4
customer_face6b3cca,customer,2025-10-17,bank_b4e75b7f6f
customer_6e8a7f947d,customer,2026-01-10,bank_639de71622
customer_1e20e90d7a,customer,2026-03-14,bank_a4ef3194d3
customer_2282a68c1a,customer,2024-09-05,bank_a7cb06066f
customer_eb8acdeeed,customer,2025-01-17,bank_1e05147a3c
customer_3ae63cc690,customer,2024-11-30,bank_4eca673f79
customer_4b981ba2b7,customer,2026-04-26,bank_96e2686682
customer_42ad8ad758,customer,2025-02-11,bank_807c8b30a4
customer_e63d8b0540,customer,2025-10-31,bank_e062747c5d
customer_d28e92f30d,customer,2025-11-04,bank_103b0628a8
customer_c9479f24f2,customer,2025-03-30,bank_9ecbe211a2
customer_1e6b4fd1c4,customer,2024-08-18,bank_99f3858574
customer_bdea6b72ae,customer,2025-04-02,bank_c62035e688
customer_1170fb71ba,customer,2025-08-19,bank_04de09c6a2
customer_aa3615bc95,customer,2025-07-03,bank_4c299c8a99
customer_9ae9cd3021,customer,2025-12-10,bank_e0f5adaacf
customer_c1a5444552,customer,2024-11-22,bank_291f30909c
customer_0bbe313039,customer,2024-10-17,bank_d2d994b60c
customer_db749ad976,customer,2024-10-11,bank_ef794c3f8e
customer_9a083198ad,customer,2025-10-07,bank_e28fbc8ce3
customer_02a48a1b78,customer,2025-07-07,bank_1783644337
customer_8509147518,customer,2024-06-11,bank_36212d508f
customer_093053ab7e,customer,2024-07-04,bank_404a32222b
customer_d634f24350,customer,2024-10-22,bank_f36bb8503e
customer_86089ac10d,customer,2026-01-02,bank_14b724f528
customer_7fd787da69,customer,2024-10-02,bank_41c32bddf9
customer_5f0174a270,customer,2024-09-23,bank_55e690de1a
customer_fa7c36f1ed,customer,2025-02-27,bank_2b96fc7d64
customer_c23c89abb0,customer,2025-07-12,bank_00058656d5
customer_ac6db564cb,customer,2024-11-11,bank_e5353598c2
customer_c5c3755d27,customer,2025-12-03,bank_b351bae661
customer_a89814b7f0,customer,2026-03-04,bank_725e37bdfd
customer_5a04fe9f67,customer,2025-11-17,bank_af8f6c54e6
customer_ec4badc50c,customer,2025-08-17,bank_2e5060da22
customer_051c82180e,customer,2025-07-02,bank_0da7777078
customer_c7d6fb5e13,customer,2026-03-28,bank_1296da7bf9
customer_8ff1e05ba4,customer,2026-01-16,bank_9acd6259f5
customer_dbd9f0cc07,customer,2024-10-02,bank_13d29600e5
customer_6e7db83b3c,customer,2024-10-03,bank_471b2b9ed8
customer_7151de2a21,customer,2024-11-23,bank_f1cd90b850
customer_cd66d4a7e6,customer,2025-07-10,bank_11ad7f974f
customer_53f52eed6d,customer,2025-04-05,bank_6ab9671b5c
customer_792222f6fc,customer,2025-06-14,bank_e8ebdcb945
customer_6b4d826387,customer,2026-04-17,bank_8cf98e422d
customer_a50bef9c9c,customer,2025-10-05,bank_d3060249cd
customer_4725c4c24d,customer,2025-09-12,bank_49ad276a20
customer_b809a9ec24,customer,2024-07-06,bank_7d57dacd23
customer_8bce38df64,customer,2024-10-18,bank_4866bb12b3
customer_056c3c77be,customer,2025-10-11,bank_0543b054f5
customer_ec45b0b6cd,customer,2025-07-03,bank_0bfa735f0b
customer_a602021aeb,customer,2024-05-31,bank_19f7240283
customer_4c0eaa8b1b,customer,2025-11-04,bank_86b5e020a1
customer_b97dcdf0b3,customer,2025-12-29,bank_5ef2021dce
customer_5c02744a81,customer,2024-10-08,bank_a20408ceeb
customer_7c40f3764a,customer,2025-11-17,bank_c333d8b3e8
customer_9a023b885f,customer,2025-05-27,bank_ac4e0640c2
customer_3df5e66966,customer,2026-03-21,bank_3940582e99
customer_af9e464693,customer,2026-03-09,bank_5340b62855
customer_5b800883f9,customer,2024-08-08,bank_1073192b03
customer_e0791ac451,customer,2024-09-21,bank_7dc18a8e6e
customer_78ee689a72,customer,2026-02-15,bank_6b73365dd1
customer_608022724d,customer,2024-11-08,bank_e5951f744a
customer_663892faab,customer,2026-02-20,bank_f64a1ce901
customer_afa60dd57d,customer,2025-11-18,bank_40f1b20425
customer_aa26071465,customer,2024-10-28,bank_1cee59a78e
customer_d0e2a3f52d,customer,2025-05-08,bank_c660840be7
customer_b373f6db58,customer,2024-06-20,bank_73cc274a8e
customer_9c63eb9c6b,customer,2025-04-26,bank_111dd55426
customer_1ae887d4c2,customer,2024-08-05,bank_4075bb496a
customer_e0fd87431d,customer,2024-10-03,bank_be0a808d05
customer_874d98d78b,customer,2026-04-21,bank_9e9d713e91
customer_94149a46c7,customer,2025-05-11,bank_78e985db2f
customer_67058241bd,customer,2024-07-12,bank_08d5f6145d
customer_e03452cee5,customer,2025-08-24,bank_c673c0a108
customer_ba6f985286,customer,2025-06-06,bank_831c547442
customer_05169cd6b5,customer,2025-03-31,bank_ff6aacdc58
customer_735b1a8454,customer,2025-07-15,bank_b98fed0b92
customer_b77126adf8,customer,2025-04-12,bank_26980bb29b
customer_55b7b94448,customer,2025-01-29,bank_d4f354111a
customer_2682f92658,customer,2024-07-02,bank_3c10cca1e3
customer_be2807f4b0,customer,2026-02-05,bank_be132ce52e
customer_b2fe58d5d7,customer,2024-10-27,bank_06077ffbae
customer_2d751e8bd9,customer,2026-02-22,bank_1bf7612736
customer_22bfeee58f,customer,2024-07-25,bank_cea5d26799
customer_8a677059b8,customer,2025-02-20,bank_4bb6453516
customer_c87441a137,customer,2024-10-27,bank_6ac3754481
customer_774f629350,customer,2025-02-09,bank_6b648551bf
customer_2f838fcd27,customer,2025-11-24,bank_b29b03f0ae
customer_11148c6ceb,customer,2025-05-26,bank_f9d7a16db2
customer_3c0cbd55e8,customer,2026-02-14,bank_0e5fa48175
customer_77bcce42d3,customer,2025-08-16,bank_0801c45bb0
customer_d7f844c12b,customer,2024-09-19,bank_f34e4305fa
customer_9729167c81,customer,2025-08-09,bank_c5a2915167
customer_c54e77b55e,customer,2025-01-24,bank_5e0472c5eb
customer_712e53bcff,customer,2025-06-11,bank_4f1d599a06
customer_9bba7258b0,customer,2024-06-10,bank_7e093a0f3f
customer_f547977c53,customer,2026-04-24,bank_056832a6a7
customer_eb378cb787,customer,2024-08-05,bank_a55891232a
customer_7a9c31d4bd,customer,2026-03-15,bank_a3ce38f05f
customer_d6790df65d,customer,2025-04-29,bank_ab8c6f2000
customer_868c4b717d,customer,2025-07-08,bank_e1c2e13519
customer_73642c5440,customer,2025-06-26,bank_ced3ba0549
customer_f1ca50249a,customer,2025-07-16,bank_9c28350e94
customer_833fd06ce9,customer,2025-04-05,bank_a05a4bab08
customer_e0ced7ac54,customer,2024-12-31,bank_2f91bfbf91
customer_9a1367885d,customer,2025-09-17,bank_613c285d33
customer_97616b5147,customer,2024-10-19,bank_609437c5be
customer_77d62a5d43,customer,2025-06-29,bank_5409dcb579
customer_f2ac06d762,customer,2024-07-06,bank_b5d518b4fe
customer_b33046aa2a,customer,2025-12-07,bank_34806d69a5
customer_30e1a2b368,customer,2024-09-21,bank_6cdfad79e3
customer_2982790595,customer,2024-10-27,bank_b9da3e3023
customer_0e92e1d3f4,customer,2025-06-22,bank_4799595ae1
customer_9923dba636,customer,2025-05-13,bank_7de82f24c2
customer_fcd4693b3e,customer,2024-11-22,bank_6fa423e326
customer_269b75c292,customer,2024-08-07,bank_500c4a96cd
customer_9f7ba498bc,customer,2026-01-03,bank_6bfafd03a8
customer_84542a2963,customer,2024-09-27,bank_174a014751
customer_48fbec679b,customer,2025-01-13,bank_08886f8971
customer_dc78e7746b,customer,2026-02-15,bank_622df5727b
customer_06123f84aa,customer,2026-02-21,bank_07498de868
customer_f0120bc127,customer,2025-10-10,bank_36e0bb5d77
customer_64ea399d96,customer,2024-12-18,bank_3174cf4c2d
customer_403c92b146,customer,2025-12-20,bank_861ad151c6
customer_0da4be3598,customer,2025-09-02,bank_f127bdb0e5
customer_fc60529e5d,customer,2024-08-04,bank_f6f56759d0
customer_fcb653b598,customer,2024-12-19,bank_725caa401d
customer_0d193263a1,customer,2024-06-24,bank_8160892cef
customer_8b68b9b4ac,customer,2024-09-09,bank_fdb897da18
customer_544e7dbbbf,customer,2024-09-27,bank_8abb05d174
customer_13b2d92864,customer,2025-02-16,bank_7778315dc6
customer_09b859d16f,customer,2025-09-16,bank_e4a29238cb
customer_ed5e8f2b0b,customer,2025-02-08,bank_ce5c9dc352
customer_470bdadb24,customer,2024-06-04,bank_8081ea4fdc
customer_b1db069feb,customer,2025-01-12,bank_7a0ac2e5fb
customer_e930142f0b,customer,2025-06-22,bank_94e58d5aa0
customer_834082a1e3,customer,2026-01-09,bank_bde803e0eb
customer_27654327ab,customer,2024-08-17,bank_4a5225e4bc
customer_f62fab88cd,customer,2025-12-08,bank_7a6db42fd1
customer_987d167593,customer,2024-07-28,bank_4e33bb3c5e
customer_8e20624c64,customer,2026-02-12,bank_dde588c143
customer_b70efac0f1,customer,2024-07-23,bank_7536fedfad
customer_92bc029134,customer,2024-09-15,bank_dcd1b94be0
customer_f547f489d4,customer,2025-09-25,bank_d9499a49c2
customer_372de0c3b9,customer,2025-08-07,bank_6c16e60632
customer_d6891aac71,customer,2025-01-02,bank_82025a93d9
customer_ed4b86edb4,customer,2025-04-21,bank_d49d54b58f
customer_9d26014e51,customer,2024-09-04,bank_ec8e664243
customer_36635deeb2,customer,2025-12-14,bank_2a48a66258
customer_c882544ea7,customer,2026-01-28,bank_9ff7b9d49b
customer_76004bfbdd,customer,2026-04-20,bank_fdff429b95
customer_8cc06735f5,customer,2024-08-10,bank_e87cb59286
customer_adc9bd74e9,customer,2024-11-20,bank_4326612f4f
customer_b950835c84,customer,2025-10-29,bank_648e80f6f8
customer_e4e2a31a59,customer,2024-06-24,bank_3f9f003693
customer_988bdc7459,customer,2024-12-21,bank_b0bdd70aaf
customer_d2590383fa,customer,2025-09-18,bank_958d66f8c0
customer_75d8c5fe4d,customer,2025-09-05,bank_75622c3fa2
customer_026640149f,customer,2026-03-18,bank_c9c294b95d
customer_dd0bc8174e,customer,2024-11-16,bank_07a63598ed
customer_a557776dfe,customer,2025-01-20,bank_305967ddc8
customer_0f7ad11b57,customer,2024-07-05,bank_8e11c267da
customer_e8830e4e17,customer,2024-11-13,bank_26ec8bcaf3
customer_3ebaf7e3de,customer,2025-08-04,bank_9b3e9e91e3
customer_b03f1c9174,customer,2025-11-03,bank_8bd702b220
customer_54f23e2711,customer,2025-04-21,bank_d63ea288cc
customer_669d476a96,customer,2026-02-10,bank_918ace1ee4
customer_fb0ba6cda4,customer,2025-04-10,bank_afebf376e0
customer_8b3ea17b1c,customer,2025-05-12,bank_aa2050f388
customer_6a29b8dfb2,customer,2026-04-24,bank_c0a511b746
customer_ca936fbf5a,customer,2025-02-04,bank_a98e00243c
customer_666bdafa42,customer,2026-02-11,bank_5feee27067
customer_9d75952610,customer,2025-07-17,bank_8d82510ba5
customer_f4af54a669,customer,2025-10-21,bank_9e1c77cc32
customer_d77f87d1e0,customer,2024-08-22,bank_5a28d6aa91
customer_8f33ce7fed,customer,2024-06-23,bank_09abe02d6b
customer_8ab9233507,customer,2026-01-04,bank_ec67a8c459
customer_33bb59224e,customer,2024-12-26,bank_f2fb1db6cf
customer_aa8005a5b5,customer,2024-09-03,bank_edf40f225b
customer_05abf09552,customer,2025-03-06,bank_5d94a0b10f
customer_c1c1f96bb0,customer,2026-03-17,bank_01e47dc7b4
customer_79af84a90d,customer,2024-09-01,bank_38f96a3068
customer_9e9367ae75,customer,2024-11-22,bank_67e7e87498
customer_ce2e6b502a,customer,2025-12-01,bank_215c0639a3
customer_b3c7040263,customer,2025-10-28,bank_ad00b628e6
customer_a2e7de4987,customer,2024-08-25,bank_1529fff2d7
customer_5dc0ba0db1,customer,2026-04-11,bank_e0197c1be3
customer_1e2ea61979,customer,2024-06-22,bank_41a29e6ed9
customer_48a5a3a00a,customer,2026-02-02,bank_cd7888fd86
customer_55961d3816,customer,2024-08-17,bank_e2b6365234
customer_fb9aeb789f,customer,2025-11-07,bank_a1c3577cb3
customer_37a351caab,customer,2024-08-23,bank_0f15e7c35b
customer_6279f393d0,customer,2024-07-31,bank_3e33310d50
customer_5611dc7aeb,customer,2025-08-03,bank_0d7f2141ca
customer_7477e8f562,customer,2025-05-15,bank_50c91e9d3a
customer_b0564fcd8c,customer,2024-09-03,bank_ca799f1df5
customer_c400d2f358,customer,2025-04-01,bank_1ab2ed869f
customer_6287e018a1,customer,2026-04-14,bank_b771e994e5
customer_518b2d1e96,customer,2025-02-25,bank_31e4cde7bc
customer_9f4fcd1cf7,customer,2026-01-22,bank_62eddbd7a3
customer_0bd9ec660a,customer,2024-08-09,bank_5ee2da6a3a
customer_c7f45c428e,customer,2024-11-02,bank_bc5f23e0ee
customer_19eaf933ad,customer,2024-12-23,bank_e1645421d7
customer_52ccc4396c,customer,2024-10-25,bank_e5ae657f5f
customer_aac07872ff,customer,2024-06-05,bank_a3b01cadb1
customer_1f4d379b72,customer,2024-11-12,bank_b24c80fd50
customer_bb4cd1ae87,customer,2026-03-17,bank_8017477fe5
customer_cb1b263820,customer,2025-09-08,bank_46f8f83176
customer_6f0c1385f2,customer,2025-04-05,bank_e1e252d1b0
customer_cf3def8ec7,customer,2024-09-18,bank_42a3bf2139
customer_66269ca16a,customer,2025-12-14,bank_e23af0295b
customer_4ece3e0be8,customer,2025-09-04,bank_3b61481f33
customer_53ba937bfb,customer,2024-08-26,bank_193ca17d92
customer_b66e1f1927,customer,2025-08-10,bank_e19d4d8301
customer_70c1f3527c,customer,2026-04-23,bank_f8b8175bec
customer_2d87641dd7,customer,2025-12-31,bank_3c5c1a30c2
customer_711e1e8478,customer,2025-10-02,bank_b45c729808
customer_b375e966d9,customer,2025-03-08,bank_ff5ed4d7ed
customer_c60397b0f8,customer,2025-11-23,bank_516fa6adc4
customer_1e466381d3,customer,2024-09-08,bank_07f111f64a
customer_3b40151b46,customer,2025-02-21,bank_905c04cefb
customer_b6b5c00983,customer,2024-08-12,bank_2149117c0f
customer_b35de37873,customer,2025-03-20,bank_62e1cd3a64
customer_b1be888859,customer,2024-10-12,bank_cf9102c126
customer_3fb9a7214e,customer,2024-12-22,bank_49d1b75b24
customer_0edbdb566b,customer,2024-10-09,bank_20e8013234
customer_a708b461cb,customer,2025-06-20,bank_b9c9a4ba7f
customer_f1168af04e,customer,2025-03-19,bank_ab91cf4d99
customer_948d9bb058,customer,2024-06-24,bank_f6038ba466
customer_253578485a,customer,2025-01-28,bank_7fbb1f3c30
customer_e1d7149780,customer,2026-01-18,bank_2aede5db98
customer_f276006280,customer,2025-03-16,bank_dc494668e1
customer_46c2cf2e12,customer,2024-08-10,bank_60c105424c
customer_5d171f3018,customer,2026-03-08,bank_3b25058938
customer_d163e05108,customer,2024-07-18,bank_3e5d0f37b8
customer_94f79f5c22,customer,2025-12-03,bank_5c884a34e9
customer_d90c7e800e,customer,2026-01-30,bank_4fd28f8453
customer_04e13c8afb,customer,2025-09-15,bank_a6b95f90c7
customer_0196e4da33,customer,2024-08-15,bank_35e9beb552
customer_5314bc3735,customer,2025-04-02,bank_32d8af950e
customer_b2bee6d3da,customer,2024-06-28,bank_1b51ba6a4c
customer_b48f28d774,customer,2024-08-27,bank_33149cb414
customer_e24e28fa20,customer,2024-07-14,bank_61dc295896
customer_ff93211328,customer,2026-04-20,bank_5e0248d55a
customer_ad7041e65b,customer,2024-11-16,bank_05a9af3134
customer_008a7bd674,customer,2026-03-27,bank_206b61c2da
customer_221ad66885,customer,2024-11-24,bank_44c468e4b3
customer_9e1fcdca87,customer,2025-09-05,bank_efb546ccd7
customer_fa937cd308,customer,2024-06-09,bank_e0aaee1948
customer_56892342c6,customer,2025-08-29,bank_13d9803fcc
customer_80aff44916,customer,2025-11-20,bank_5ee63df382
customer_858e138e06,customer,2025-03-17,bank_11419b7eac
customer_d9d7561285,customer,2025-03-22,bank_7f3a7f88ae
customer_97d2c40588,customer,2025-10-07,bank_7fda7022f1
customer_cbbf9ea3a4,customer,2026-02-19,bank_e251d1b81b
customer_4a7dde174e,customer,2024-10-05,bank_5a9964f160
customer_cabfe26d1b,customer,2025-05-10,bank_02b8c787bb
customer_94b57a989f,customer,2025-09-11,bank_c37a90468a
customer_b67aebb5fa,customer,2025-01-20,bank_21e90a0789
customer_e6627e558b,customer,2026-04-26,bank_8023dc3be5
customer_852a75c82c,customer,2024-11-28,bank_9edf1c608b
customer_43015ca3cc,customer,2024-12-01,bank_bfe0bc5b0a
customer_8eaf936d06,customer,2026-01-01,bank_3d3d87cdc8
customer_05bd6dde49,customer,2024-10-27,bank_f2424d464d
customer_6e37a7a673,customer,2025-02-01,bank_8ca1d3610b
customer_430b681348,customer,2024-12-21,bank_56983852db
customer_80936d3966,customer,2025-01-16,bank_a3dd1a1712
customer_4f7b1a92fd,customer,2024-09-07,bank_95857c038f
customer_bd560e2d14,customer,2026-01-01,bank_ce43fd01c1
customer_eff0ff7c81,customer,2024-07-21,bank_1e93b664f7
customer_790474b9da,customer,2024-06-06,bank_03b44d4c84
customer_f1d5fc57fc,customer,2025-06-11,bank_afbf5f078a
customer_bc3ae75395,customer,2024-10-29,bank_32f9d99ed5
customer_8d60152e74,customer,2025-08-19,bank_38684ac641
customer_532b8be7ee,customer,2024-06-10,bank_f5ea39b582
customer_a7de15eec5,customer,2026-02-12,bank_2bd8c85921
customer_daf7f9487d,customer,2024-12-29,bank_a7313a26b7
customer_fd151698ea,customer,2024-09-20,bank_210b9c6c90
customer_d601086324,customer,2024-05-31,bank_3440598a3e
customer_db80e32610,customer,2025-10-08,bank_e7adeecb73
customer_16c1c60a2a,customer,2025-08-02,bank_04ae01839e
customer_38b51562cd,customer,2025-10-05,bank_081f925800
customer_673c01875a,customer,2026-01-11,bank_bca946d61e
customer_0995ddc0cc,customer,2024-06-07,bank_1fad4ef910
customer_2e6245d483,customer,2024-08-10,bank_15224bb211
customer_c5cc328f19,customer,2026-03-18,bank_9a5487d028
customer_32ce9d7424,customer,2025-06-12,bank_1d416fafd2
customer_e6140f4be2,customer,2025-10-25,bank_9650c4db65
customer_9d66e6f2ed,customer,2025-07-18,bank_21e2b125dd
customer_765bfd8db1,customer,2024-09-17,bank_55160994ec
customer_f41415488a,customer,2024-11-08,bank_d853cf3abf
customer_081ad4c4ba,customer,2024-10-24,bank_fd73c1121f
customer_132b7d06f2,customer,2025-05-10,bank_ef4757daaa
customer_72c9dfe1a4,customer,2025-11-03,bank_e07767b1cc
customer_b2f3f287ef,customer,2024-11-16,bank_761208cda1
customer_6daa09e748,customer,2026-04-22,bank_e6337818f3
customer_1d43fca411,customer,2025-09-27,bank_1e67fb99cf
customer_a3893690eb,customer,2025-06-01,bank_183f34ea5b
customer_64a8d80bef,customer,2025-08-08,bank_d6f3192116
customer_92650a3613,customer,2025-08-31,bank_283a05676e
customer_b9b4314359,customer,2024-08-11,bank_abe17c924d
customer_f4532f55ae,customer,2024-12-06,bank_67f3e0c004
customer_2e5502851a,customer,2025-02-25,bank_401e1dc2bb
customer_4519712d7f,customer,2025-03-16,bank_8b028ef414
customer_d8b3a8e7e9,customer,2025-10-28,bank_8777b581fb
customer_d8714de2b6,customer,2024-09-18,bank_b552eaf12f
customer_7677c0157a,customer,2025-07-28,bank_f8e65f1df6
customer_acba87d536,customer,2024-10-09,bank_a841196d17
customer_28b52b0ffa,customer,2025-10-12,bank_36e6124f63
customer_f5ae09d0d5,customer,2025-01-01,bank_b82ff2ff72
customer_189d52e8e9,customer,2025-11-01,bank_14183d1bd5
customer_e91916bb9e,customer,2025-12-14,bank_62303627cf
customer_5e054d2056,customer,2025-06-11,bank_6a869cc30f
customer_cd564ae427,customer,2025-08-17,bank_d1c45e530c
customer_b400c64cb9,customer,2025-03-19,bank_9ff4c173e9
customer_08659cef69,customer,2025-11-14,bank_1a57faca9f
customer_41605feaae,customer,2025-08-13,bank_98419613f7
customer_f5c0c3b30b,customer,2026-01-22,bank_a1bc338270
customer_4c7f05e5e7,customer,2025-08-07,bank_fbd0ffb6c3
customer_9d04c5e327,customer,2024-10-04,bank_adba4567c1
customer_91d6176305,customer,2026-04-10,bank_77062594b0
customer_7fe646d797,customer,2025-05-06,bank_df183bbc39
customer_20dc43e80a,customer,2025-10-09,bank_9b4aa1df5a
customer_3db8f59d73,customer,2024-07-04,bank_93a69f5ab8
customer_f2e5b78bf4,customer,2025-11-03,bank_4b5eb9a1b0
customer_9e283824e5,customer,2025-05-02,bank_8475628658
customer_f16bf58882,customer,2024-11-24,bank_ee18caf260
customer_da33ddd514,customer,2025-04-05,bank_f95b096efa
customer_f3051cfc5f,customer,2025-01-11,bank_8104dfb5e0
customer_23b3156363,customer,2025-11-10,bank_6287503e09
customer_dfc65a0aae,customer,2025-02-23,bank_ec504d5b1d
customer_3c1c0fd1b1,customer,2025-03-12,bank_d3ad4e7285
customer_4a5f008910,customer,2025-11-16,bank_d1205a9f91
customer_b0710144bd,customer,2025-06-13,bank_6469478d8a
customer_3bb524faee,customer,2025-07-06,bank_6c582631e4
customer_368f7c068a,customer,2024-07-09,bank_80f5623bf2
customer_38d1ae1718,customer,2025-01-30,bank_4ccb901069
customer_618f2c07f7,customer,2024-09-06,bank_4280c3194a
customer_45cdc7d334,customer,2025-11-10,bank_1c173d5c9d
customer_e1e94367b0,customer,2025-12-23,bank_83718e9823
customer_33256e2386,customer,2024-06-22,bank_091f6cb6ea
customer_fd320ce787,customer,2025-09-27,bank_87c53d0b40
customer_fa6f4124c9,customer,2026-01-15,bank_077241c6c9
customer_cb79970232,customer,2025-01-01,bank_fbc623897e
customer_355771700f,customer,2026-04-04,bank_6270b587b7
customer_08faeaf377,customer,2024-11-10,bank_a8ca151b90
customer_8dc224bcc5,customer,2026-01-14,bank_377934276f
customer_271e316c53,customer,2025-11-22,bank_51c8e35bca
customer_4482b9c89d,customer,2025-06-18,bank_fe5a7d224a
customer_e3d24e5828,customer,2025-07-14,bank_9eb19f4717
customer_fd2f046215,customer,2025-12-17,bank_8ebbc4f274
customer_18be6481f2,customer,2026-04-01,bank_3b58a93571
customer_216b823ac7,customer,2025-04-30,bank_d7cb3af35d
customer_27ad15fae1,customer,2024-10-24,bank_d5c52258d3
customer_84aee57399,customer,2024-10-25,bank_0bf50df5f2
customer_1c541e2809,customer,2025-01-18,bank_6c2c117902
customer_db938fbbc8,customer,2024-09-30,bank_8dde7e7e7c
customer_32d407964d,customer,2024-07-14,bank_3cdb7c9943
customer_fc61d06f78,customer,2025-06-17,bank_f74074b0ae
customer_0ba8c4e165,customer,2025-09-10,bank_1117ccec32
customer_f0593ab743,customer,2025-06-19,bank_9bb0b2345a
customer_a7480b6f9f,customer,2025-11-22,bank_874fb44da2
customer_123381d69a,customer,2026-04-30,bank_a46ecfff2e
customer_49477a9317,customer,2025-05-13,bank_7dbb9081dd
customer_7d4fe7ab4f,customer,2024-10-30,bank_997c7ab190
customer_21993f3f2a,customer,2024-12-13,bank_584e219114
customer_2955d90de2,customer,2025-06-28,bank_467e4d8491
customer_55caaddf53,customer,2025-07-05,bank_1a9bf6a005
customer_2f10616c5c,customer,2024-10-16,bank_097e2d63a2
customer_7ad571a5fc,customer,2024-10-03,bank_20dab19ffe
customer_0b586f8bf8,customer,2025-08-18,bank_053f5022b8
customer_5ad59fdf61,customer,2025-03-27,bank_abd21b078d
customer_9a5c1182f6,customer,2025-08-04,bank_43c86cd434
customer_46ee2ca11c,customer,2024-07-29,bank_5785c2a273
customer_be5ea83d1a,customer,2025-07-26,bank_1c31229ac4
customer_b0767546d0,customer,2024-11-02,bank_147116b2d6
customer_a1f23286ec,customer,2025-03-04,bank_70089e3865
customer_c6b919ff9a,customer,2025-12-12,bank_e5be53a985
customer_67f28470a6,customer,2024-07-17,bank_c4e411de06
customer_dfe1511651,customer,2025-01-22,bank_309ea1b4af
customer_a5c8ec3ce6,customer,2024-08-01,bank_f4e5e54473
customer_e7d41ef9c1,customer,2025-06-06,bank_ae21a4b0af
customer_8cb94d7bd4,customer,2024-10-30,bank_ae0f489240
customer_ea776f0d07,customer,2026-01-16,bank_b11e602f20
customer_27f84e8da5,customer,2025-12-23,bank_b5df450e5d
customer_cf75d5587a,customer,2026-04-22,bank_05dd720f69
customer_06b9d67c71,customer,2025-11-27,bank_b5bd3830c4
customer_8b90a94e23,customer,2025-05-15,bank_46b4bfa3a9
customer_638dd15357,customer,2025-04-15,bank_384e4619b7
customer_c9c6f0f02e,customer,2025-05-27,bank_844362d4a9
customer_cf13a8f91b,customer,2026-03-04,bank_ca23ef87d8
customer_e0cb38487a,customer,2026-02-16,bank_94e878b1cf
customer_be500c5584,customer,2025-10-27,bank_2d8c316caa
customer_73f105591b,customer,2025-04-05,bank_fce1ec3a91
customer_fd0d990fb4,customer,2025-12-27,bank_11759f3a5e
customer_34bd33ac53,customer,2025-08-19,bank_9fefdbea27
customer_2037485e37,customer,2025-08-20,bank_4c3e50aa36
customer_3d449c6a44,customer,2025-01-14,bank_01269499b1
customer_e3fc4c33b0,customer,2024-11-13,bank_16722457f6
customer_c174ffe867,customer,2025-03-28,bank_e991a2215d
customer_ed8ab2a873,customer,2025-06-04,bank_2ec6021ba4
customer_5bc8d76a2f,customer,2026-03-18,bank_0469eeb622
customer_93585677e1,customer,2025-12-26,bank_7178923264
customer_f5ba49c00d,customer,2024-07-16,bank_7506da692f
customer_fa158514ad,customer,2026-03-08,bank_191bc0c459
customer_b21fd2578c,customer,2026-01-05,bank_e495625a58
customer_f2d3375825,customer,2025-06-02,bank_bebb432f1b
customer_ccdf2c5528,customer,2025-07-22,bank_62dec744e6
customer_a004ce34b1,customer,2025-03-21,bank_b9115b94a2
customer_90016b313e,customer,2026-04-21,bank_bee20659f1
customer_5c58bf076d,customer,2024-12-30,bank_b01cff7d62
customer_259059ee10,customer,2026-04-24,bank_2f98b40c6f
customer_1cc1a48d02,customer,2026-04-15,bank_466b394ff2
customer_17fc78bf0f,customer,2026-04-26,bank_baf4a414bc
customer_e693a5896d,customer,2026-04-21,bank_fd7f5c4c4c
customer_916f1ad044,customer,2026-04-21,bank_ea8d9bbb96
customer_a50f588aae,customer,2026-04-22,bank_ab7a0a89ae
customer_871c72218c,customer,2026-04-19,bank_a2a5343b88
customer_f16d8a046e,customer,2026-04-11,bank_b963346ba7
customer_24a8a1dd0b,customer,2026-04-29,bank_ecff00ec08
customer_c417468bca,customer,2026-04-12,bank_7cb1379f75
customer_18d751071e,customer,2026-05-01,bank_a635f36927
customer_a126d78bfc,customer,2026-04-25,bank_7eb98f1722
customer_8d55b308c5,customer,2026-04-30,bank_63d3a96a86
customer_f3d8e7f72a,customer,2026-04-13,bank_31a8fc4eaa
customer_49a3c7578e,customer,2026-04-24,bank_baea897929
customer_43c880fc9b,customer,2026-04-11,bank_ce23af8a2c
customer_576cf57610,customer,2026-04-26,bank_337d2e6623
customer_6d3e1d57c4,customer,2026-04-29,bank_7f9ecfb11e
customer_afc31634e7,customer,2026-04-18,bank_d2d4bf84b6
customer_42578b981e,customer,2026-04-27,bank_64e62f61bd
customer_684d32cf3c,customer,2026-04-30,bank_22579af621
customer_0e99b27e9a,customer,2026-04-12,bank_2a28954f3e
customer_4a10b1355f,customer,2026-04-14,bank_1d47da2239
customer_172a85ee43,customer,2026-04-20,bank_2f2d205d90
customer_4aecb3719a,customer,2026-04-22,bank_99106b0e0b
customer_d9fbc583a9,customer,2026-04-23,bank_b34b1fb76d
customer_80bae70f36,customer,2026-04-30,bank_6880ae8070
customer_9cb9d3f679,customer,2026-04-27,bank_0e1073ddce
customer_504c048e17,customer,2026-04-26,bank_5a1026c2df
customer_3dc4b1b351,customer,2026-04-12,bank_0e3f7861fe
customer_64eb7beaab,customer,2026-04-16,bank_6f316c5049
customer_404e15f70d,customer,2026-04-19,bank_1192967bab
customer_730fdd8cf1,customer,2026-04-13,bank_fee4802a3b
customer_a9dcaff8b8,customer,2026-04-19,bank_01f8b293ee
customer_5f8a1d1a78,customer,2026-04-25,bank_35e2600159
customer_0b918ee076,customer,2026-04-26,bank_10994bc7fc
customer_4d2163cbcf,customer,2026-04-26,bank_bd23d81888
customer_128ebf5b68,customer,2026-04-25,bank_48cca82dda
customer_3f9dbcd90e,customer,2026-04-12,bank_4d76a7f26f
customer_d64f24d531,customer,2026-04-23,bank_ccb7fea542
customer_87c0da9f7e,customer,2026-04-16,bank_f12a37e364
customer_fdd66e739d,customer,2026-04-12,bank_ff96088b88
customer_0cebd20dd0,customer,2026-04-13,bank_a343549617
customer_712451de19,customer,2026-04-17,bank_ebbf65d752
customer_f6b017d657,customer,2026-04-12,bank_beb81a3182
customer_a79d19b497,customer,2026-04-21,bank_20ae33ffae
customer_7645c9774a,customer,2026-04-13,bank_9bf4eaea63
customer_f303b05052,customer,2026-04-19,bank_798fde6b92
customer_f4335a9e73,customer,2026-04-21,bank_ca9bbb5163
customer_b1e3e35d87,customer,2026-04-19,bank_462ca30139
customer_c1b82836af,customer,2026-04-11,bank_2e8e7ec994
customer_e48061df33,customer,2026-04-23,bank_57a97298d2
customer_abf301e477,customer,2026-04-21,bank_6d7797169b
customer_34e8f2a008,customer,2026-04-18,bank_04e00075a0
customer_3e2a7c639f,customer,2026-04-28,bank_99c52ecb8b
customer_808ef4a502,customer,2026-05-01,bank_6162d9e37b
customer_ec20621e27,customer,2026-04-24,bank_e151be52fc
customer_9467977a3f,customer,2026-04-16,bank_57287df2eb
customer_7ee6f62b98,customer,2026-05-01,bank_d362a6523a
customer_c18f308b65,customer,2026-04-28,bank_deffc00d3b
customer_71adf4d4a0,customer,2026-04-27,bank_21e3cae8cd
customer_3429e19687,customer,2026-04-12,bank_e1b8e0d0d8
customer_eb04993188,customer,2026-04-12,bank_4fd0fd1c7d
customer_b907fe6905,customer,2026-04-27,bank_66dad42c69
customer_860254584f,customer,2026-04-18,bank_e891db2cf2
customer_59272f6a81,customer,2026-04-12,bank_6de15c263f
customer_1ccb96cef6,customer,2026-04-27,bank_b9bf17de88
customer_1bccb4ed9a,customer,2026-04-22,bank_9d9f8e70f1
customer_20423ded21,customer,2026-04-27,bank_f3259563c5
customer_990ca3af77,customer,2026-04-30,bank_5354a3866c
customer_6d4894c851,customer,2026-04-15,bank_ebce993c6b
customer_5e90e2d43f,customer,2026-04-24,bank_ca5d5bc693
customer_c9e214e082,customer,2026-04-20,bank_79db6a9660
customer_a0adfff59c,customer,2026-04-18,bank_d7e905c3ab
customer_176d8f5e55,customer,2026-04-20,bank_2f824d67bf
customer_9c92aef517,customer,2026-04-21,bank_7413fd58a8
customer_7f4ef3bfbb,customer,2026-04-15,bank_d8969d5b3a
customer_fc4f1531d8,customer,2026-04-25,bank_f4851203fc
customer_9c51e5a7ce,customer,2026-04-13,bank_066c2ab7e8
merchant_cf56c3fe41,merchant,2026-04-21,bank_82634fcc5a
merchant_f964fd38a3,merchant,2026-04-19,bank_d3af475ae1
merchant_3bd700ca8c,merchant,2026-04-18,bank_7580190034
merchant_279d559e80,merchant,2026-04-14,bank_9d6998ce63
merchant_b851e6e672,merchant,2026-04-21,bank_ad1f35024c
merchant_b78292ed4a,merchant,2026-04-24,bank_8de76778de
merchant_77716d620a,merchant,2026-04-22,bank_fd520b1948
merchant_4e5fd050a9,merchant,2026-04-30,bank_87556340d1
merchant_3f5bb51e0a,merchant,2026-04-12,bank_32dacda62b
merchant_a5af62ed0e,merchant,2026-04-17,bank_0a65b3dcf5
merchant_3c9c1002b7,merchant,2026-04-19,bank_30e70595f4
merchant_5a70b9c0b4,merchant,2026-04-24,bank_da9eb46707
merchant_ebc3ad2876,merchant,2026-04-15,bank_caf7afebd6
merchant_25a6bf7aff,merchant,2026-04-28,bank_f2e228d8bf
merchant_f2303f7489,merchant,2026-04-13,bank_3e20ba410b
merchant_5dd55f4db6,merchant,2026-04-14,bank_54b0a55854
merchant_8d804dd46b,merchant,2026-04-23,bank_9eb3e73ffe
merchant_3ff0e9ee3f,merchant,2026-04-26,bank_279c7da4f4
merchant_30f8830764,merchant,2026-04-15,bank_84402ffb3f
merchant_1edb3557cc,merchant,2026-04-24,bank_087a7d98bc
merchant_4fbae19fbb,merchant,2026-04-17,bank_8b7de695a5
merchant_76ab5a5ac5,merchant,2026-04-26,bank_1ae316432b
merchant_c40b6efcea,merchant,2026-04-15,bank_0c511a5655
merchant_4314227986,merchant,2026-04-20,bank_abe67ea5a0
merchant_344ae5032f,merchant,2026-04-18,bank_5cb6edd46a
merchant_e85940cb8e,merchant,2026-04-30,bank_75bacd67f5
merchant_70e9c268fe,merchant,2026-04-25,bank_816acb058a
merchant_c1631590a3,merchant,2026-04-13,bank_1ddaba320b
merchant_c3191222b9,merchant,2026-04-30,bank_d393c5b614
merchant_b2eccdbd7e,merchant,2026-04-17,bank_084fe97680
customer_957cca739b,customer,2026-04-29,bank_26bdcd108a
customer_e66f4c3725,customer,2026-04-26,bank_cbecfda5c0
customer_8ce08d99b6,customer,2026-05-01,bank_03f1b28188
customer_6f6975ac53,customer,2026-05-01,bank_7de38321d2
customer_45b1409cd1,customer,2026-04-27,bank_e236b9ce4f
customer_8495236ce9,customer,2026-04-30,bank_7dd19a2256
customer_dad1035954,customer,2026-04-14,bank_68c7142bb2
customer_25bc5b95f6,customer,2026-04-20,bank_39db1f5967
customer_939c4c7d9b,customer,2026-04-28,bank_78f568381c
customer_dbe006a93e,customer,2026-04-11,bank_1845dd098e
customer_e15573bc42,customer,2026-04-11,bank_1e74fd3c04
customer_b6067ab67f,customer,2026-04-22,bank_3f42e01bc7
customer_409d0ef855,customer,2026-04-30,bank_19ed0d391d
customer_cb79405e2e,customer,2026-05-01,bank_4344d936e4
customer_7a89f72229,customer,2026-04-29,bank_90e082e885
customer_7f5c68d98f,customer,2026-04-13,bank_cd8612e83b
customer_10f64c6349,customer,2026-04-29,bank_22f68168b7
customer_e5feb8639b,customer,2026-04-23,bank_3a649c5cc8
customer_b1325351d9,customer,2026-04-21,bank_ac57f2c464
customer_a38da0ff35,customer,2026-04-25,bank_16ddd26a38
customer_13dc1d2f58,customer,2026-04-14,bank_7f538851b2
customer_da017b69da,customer,2026-04-18,bank_98d83c0e6e
customer_f24fdd5c9c,customer,2026-04-20,bank_836f455b59
customer_bf66f1c660,customer,2026-04-13,bank_12bb618f9c
customer_6648d13d46,customer,2026-04-28,bank_92c7ec9448
customer_ad7e33a907,customer,2026-04-29,bank_b860cc0dca
customer_fd774ad038,customer,2026-05-01,bank_87d805ad6e
customer_b2e9d5ad97,customer,2026-04-23,bank_2a3c20d5db
customer_e0df46cec8,customer,2026-04-27,bank_a001882e52
customer_6053c8e5a0,customer,2026-04-20,bank_cac6d20f00
customer_6b35aa6494,customer,2026-04-24,bank_3b7689ef0a
customer_41f9fde7de,customer,2026-04-11,bank_8b925edaf4
customer_b1d9d37997,customer,2026-04-13,bank_b77cba15f1
customer_ac3103e178,customer,2026-04-28,bank_b26df18ed5
customer_519f4c46ca,customer,2026-04-17,bank_e51e01eea6
customer_b6f2c51eb6,customer,2026-04-18,bank_ee5c3ac0ad
customer_a7b524be4c,customer,2026-04-29,bank_4052090c32
customer_4290b5b75b,customer,2026-04-23,bank_970882f36c
customer_e4836cba4e,customer,2026-04-14,bank_eb85de00d3
customer_803527ae9a,customer,2026-04-11,bank_fc9afcaf34
customer_9f495c5f47,customer,2026-04-30,bank_3c1fced891
customer_7d3f83c5bd,customer,2026-04-27,bank_79e935d61c
customer_7f64c5beee,customer,2026-04-28,bank_bdd64cc68f
customer_1756c5379a,customer,2026-04-15,bank_7fbe1cbf65
customer_35d9b8e23b,customer,2026-04-18,bank_d2c7ebcedd
customer_779c93c9b0,customer,2026-04-22,bank_45c34a22e6
customer_de96193010,customer,2026-04-25,bank_9a7412b4d5
customer_298e30f7e1,customer,2026-04-12,bank_3f20ede127
customer_558fee5d55,customer,2026-05-01,bank_704b7d0c2a
customer_f4d89d751d,customer,2026-04-26,bank_ff0c6cd8e9
customer_df5eb6295c,customer,2026-04-24,bank_432ee63bbc
customer_29065b557b,customer,2026-04-15,bank_d07274468c
customer_9d7dfda680,customer,2026-04-25,bank_532011a5d4
customer_dafbaf4cc9,customer,2026-04-17,bank_b8803f888f
customer_c25636a049,customer,2026-04-22,bank_d194c0d0af
customer_54b5a6bd62,customer,2026-04-11,bank_b9059311ed
customer_eb69bb02e0,customer,2026-04-15,bank_62ca748582
customer_a4a1a4cb8a,customer,2026-04-21,bank_f4ce45363a
customer_32f8f63689,customer,2026-04-26,bank_227c6993d4
customer_fef1949737,customer,2026-05-01,bank_43fb0097ef
customer_2b450c9199,customer,2026-04-22,bank_68065816cb
